1 1
2 3
3 2
4 6
5 4
6 14
7 10
8 36
9 30
10 108
11 94
12 352
13 316
14 1182
15 1096
16 4116
17 3856
18 14602
19 13798
20 52488
21 49940
22 190746
23 182362
24 699252
25 671092
26 2581428
27 2485534
28 9587580
29 9256396
30 35792568
31 34636834
32 134219796
33 130150588
34 505294128
35 490853416
36 1908881900
37 1857283156
38 7233642930
39 7048151672
40 27487816992
41 26817356776
42 104715443852
43 102280151422
44 399822505524
45 390937468408
46 1529755490574
47 1497207322930
48 5864062367252
49 5744387279818
50 22517998808028
51 22076468764192
52 86607686432616
53 84973577874916
54 333599974893066
55 327534518354296
56 1286742755471400
57 1264168316464076
58 4969489253251428
59 4885260612740878
60 19215358428046176
61 18900352534538476
62 74382032589917286
63 73201365371896620
64 288230376218822676
65 283796062672454896
66 1117984489446008100
67 1101298153654301590
68 4340410370537249376
69 4277505872164655284
70 16865594582168158776
71 16628050996019877514
72 65588423374144427520
73 64689951820132126216
74 255263053129946213628
75 251859545753048193000
76 994182417449857925988
77 981270957479406797740
78 3874762242361630560584
79 3825714619033636628818
80 15111572745196608608736
81 14925010118699127270686
82 58971991200740435635128
83 58261485282632731311142
84 230271584688553159320640
85 227562507221577256418368
86 899665726224942596211834
87 889324740865934111701912
88 3516875111606393874082104
89 3477359660913989536233496
90 13754889325393505126886888
91 13603736695443739284606040
92 53823479968930342047363612
93 53244732872489474212300868
94 210713198176236437615684502
95 208495164511221941035653016
96 825293359523589782053586452
97 816785180559426160758185056
98 3233802551602631768613564510
99 3201137879364215660431977220
100 12676506002282305273966813560
101 12550996041863657440561417876
102 49711788244244312331578299104
103 49229149523426384524143813802
104 195023169265881489687952047216
105 193165805749063527847443955408
106 765373947307610289650832640428
107 758220919762679268184943973310
108 3004801422763210599978631833324
109 2977234437233272722781247895196
110 11800674678488244937831101073320
111 11694362293997359523718572263592
112 46359793379775247326679383075720
113 45949529721547147155137135656816
114 182185854685432549633664238154388
115 180601629862080960992365089857896
116 716178877039286571937226883560136
117 710057690056044803901611034387720
118 2816161008018889566122139977741610
119 2792495789464108976688670294709920
120 11076899964874298950472756384394096
121 10985355337065420437221545952730206
122 43581245763439864704271075822418628
123 43226926692192386110692930407679952
124 171513289778698822347359669251676364
125 170141183460469231731687303716420980
126 675163426430433459325928830880124772
127 669847178978225321778296471322378370
128 2658455991569831745951729308703655956
129 2637847805588670259406004776960164604
130 10470226674490414260695322445190464848
131 10390301280028655372927468929214296534
132 41246347505568298602180157048520378688
133 40936224591992597108375892623370623740
134 162522921514478072103011558419573447362
135 161319048021778234530784999339391156728
136 640531514204119460639110642704017464896
137 635856101691680632457108755492939139656
138 2524993795123485410051347057690049705196
139 2506828372136985515010759697914608982238
140 9955689820772599616765449883295070035792
141 9885082091547262030822570157313901294180
142 39261875349525744967509089798616374641566
143 38987316780647942555132374602532100535304
144 154866286100907105149586393331210545684640
145 153798242748487056148522194983781810894640
146 610979320507688305247618615229857433659928
147 606822998599472738545189612865009496487316
148 2410891372814121420706691769110172551043576
149 2394710893801946109158197935317944859702596
150 9514984618039732540388824989224065984802392
151 9451971474873906497074741519533080373395674
152 37559149808051575817323812076721756642186328
153 37313665168783264864268914233988446701601760
154 148285474566852974655407315759216714355819012
155 147328794085776503851177906523818852815605896
156 585537514956291233254683360745074363363398272
157 581807976644467722214842688183233686168762956
158 2312502590713453984499505143303674444484623350
159 2297958549262425972018372378484778378070678472
160 9134385233318143238773037760263141478133217760
161 9077649921309956013687483433020391426434519940
162 36086460181009948597621862646400045288144250378
163 35865070854746083882299014299786086371924724982
164 142585525593258821288164403409535407179327231856
165 141721370892693616310660347414912511171570422384
166 563470510778179438343589391356919699849476387954
167 560096435863340040509196582597856965616644806890
168 2227050114028042542024662717370129232083156792840
169 2213872302702432822841084717014014514981767639356
170 8803398097804968166121019455218235528211042556608
171 8751916237583886480939024963166514363993350885620
172 34804132014577781121873797396378765720142785251572
173 34602952060736291057585509102924249991391327722716
174 137616338080629387424420531344632680926299347837224
175 136829959005882933781995270281277605680244957738632
176 544210064227943486632935735831700760213360501424984
177 541135431096712167499416323146295618941423431863836
178 2152381377620630419042622232621052334535814146041928
179 2140356900650682763070317077025571485501032293552518
180 8513864115921604768657483491045829028944628067075024
181 8466826192629220211924569210775188859772039349080676
182 33681220678371183700183451159764378093657785928217352
183 33497170292150576138980262888531348288419669387694552
184 133260481814425118118117132822590799429573303217695912
185 132540154885698495858019202348134848312972033674678608
186 527310293631273585671689299717867247715622140108028380
187 524490452488860357940824651003314373003204833260701664
188 2086802438625891211381578930693011657632785006129600300
189 2075761155881838876929824544711529899553548081038443820
190 8259344388666685215573407136008056238330110689538391304
191 8216101747888325607114907621999563371861721785947689154
192 32693238205138962311644736579619242597153717881060460052
193 32523843188532024683086991830091535834727230282197070016
194 129424778049209912656408029345304752522876033263109412128
195 128761061238701143873554654835029054689468283421041379552
196 512416468194831082762105259038977425039258906059695130428
197 509815369371507067113566653661536358668211609702662701556
198 2028962177094684691340861227706689272377840591409360830892
199 2018766387260038034600454889875832415228898233395468386058
200 8034690221294951377709810461712151265612156127202437685648
201 7994716638104429231552050210652550261305226705151156774700
202 31820555331861193575088358264193988669748853633337449245628
203 31663803827763355183092849110170691675314344705079669713400
204 126034356412469825532702909203253295307631132933552278779392
205 125419554673872411749616553548578544587098770246483333713824
206 499242887536773677838279484999245377505936006977236480994814
207 496831086147707138331814366714175877108316820762845894638220
208 1977769900626449569897799498266143791611959702345317849098416
209 1968306886747854117410250218370036489213798882336818018372212
210 7835735987243838295976043726463766999056883476941366000145200
211 7798599797730834323009332618755215663425288462718387977955494
212 31047255798513321550093758161459826177213953156764290759005016
213 30901494034201052434835102019856347511412891191162257691159828
214 123028378117473348946165920191204534294395341418227427063495482
215 122456153102973472904555846143802828277784994651801373980296696
216 487556905872949938416287165202179429803003533666874486503326464
217 485310099855102242847548514671292314833617951154604199358310740
218 1932335626946003425649872067590286139049026139704816565730665428
219 1923512176594651811834119227099003330025481237657211921262713872
220 7659075757713249941666765649721491887166073455071659275708487920
221 7624419306320882294871893406962565235757110979225275022936545216
222 30360300300845315084084476449346442633142862210936438057459940504
223 30224155456446905599402483281412142010803973567870596951909876962
224 120356904764065356226192031638480517258633941773965826458994908040
225 119821985187336176865186733720087247438387308712531130730798297496
226 477167197648683890171097612159639526898859711326626314094721678928
227 475065139509262375236423173339552963412108271762829471032662735670
228 1891926081905308055766106321896114524330621688820507410098235251776
229 1883664395958123304430883150184777688987748081924232138417719493396
230 7501898203033221508081256372040245237613704831831381162243811739128
231 7469422453236540895492160024109334905250117935903516736980456636760
232 29748906667200705980322223544297523860033873744515643052203534233776
233 29621228956182677199290797692176074903223643657383633283959331432616
234 117978570030607927990337707047470521264777501548720056595873478355032
235 117476533562392575105272440208970645999167812292261898812474773923016
236 467915006562072121182017346595052574455613315682013365514718886685268
237 465940681639869285227662843022921549532564318798863492794969207460516
238 1855931790733596984856404937755166511014642739963708722614727661947872
239 1848166385751448043497173117931923133710757214305040751173228244029938
240 7361862769909934706597072919762160488152966219428969520715056801805296
241 7331315621487071906984636932543230356130638576247381568969320337313776
242 29204083715345195530302438028808570520530543715174824703694375726335258
243 29083902300878754396432880670665325363415372788085982239200222485277982
244 115858823919894054398904754147076624010478091529301503385953333935371656
245 115385930761037343972786775558721209196896907551060829918150307035379496
246 459667529048034947533866016453442215543060135635482161421016970717132464
247 457806526906140069203769392905047712603072750607447827205598367946278888
248 1823842131384138662795661936250754597068965828760956077640384969922745544
249 1816517464189824852904916305984687309445124006426378010785896002266298444
250 7237005577332262213973186563042994240999515225063004484197804318609501148
251 7208172885789105790809946775939237291662723149006509215603684263440807374
252 28718276100524850055449153027948389844898589814812732357050067753054934200
253 28604765127795502822028405387521716366914521903567333013699996049385820428
254 113968591769012003369656481307763688832628493503427599376362532699583332742
255 113521656115015877866246063734007752797323514378079136060747561465535298688
256 452312848583266388373324160190187140053165105595943369152179109779333974036
257 450552876409790643671482431940419874915447411150352389258589821042463539456
258 1795226189725832487187147054398262137262637610063582510958379829211793036516
259 1788294814475925798047428339902515951401853045029197900223283150702953032520
260 7125667029988688949142829846688486637129541861992049148020187105950118368736
261 7098365623743521558533087203597726151924596761112065821355656148655731981800
262 28285090500718459950795965803648954590122142280673143535240428905976696345986
263 28177542628092154019424118024927855903457334671486677180704507135005476414282
264 112283238048306613744068833947818577312282426485889091016995161804631119400088
265 111859527716048852937487442121600394001649494620392393940004307637887395084176
266 445756012703051819976453716725174502412629147869764690252764639141137257913332
267 444086514528134022897890219658788081055237693998561566274811182272633641201712
268 1769717901179280359906517741028304740921700131574427949131642594101466386281860
269 1763139024223223555594597600727084277200720658700608737195606929726439327156796
270 7026435518756253873406618586601269193585255499647484754895097951771438895976936
271 7000507712413979873873752835359198089549724829379538749898424562308666848784914
272 27899082206826302144408632623269745327470547159313793254178453822565837588868416
273 27796887766508257081608601001939086919677295659514359001339825289792516714876080
274 110781757084040207055170044869041908453605040455334100511141832664121841319911128
275 110378914331007333574969426524063574241045843127962472798398432371790680183771288
276 439915962913435025117631772378514245163589767717037851917131824634617143514856384
277 438327818642989411308542849012526829116066525056890686203026265735312338719586756
278 1747004399483569308380811067287337146261159736191806958255130487143604645908630170
279 1740742734969291282185897765970895077636565267967866954562210117379960980311604220
280 6938103186520460967569506810083996095151457974459694390770566993152742158122735168
281 6913412427849569647400220308980494329688280566021848830077624233946278595036329176
282 27555587123769206679708679529411615697055426041850028019059419901338771887013372092
283 27458217557960834924656705396798853804132958855860629275643991657086986363324501742
284 109446134773280511037716163764705290515065193662044126664383042058008462000856893244
285 109062113247760228542846984242723868443082489209944674877433728551157505131425480880
286 434723108749813498387571895233235000087811359614368981207788688780241295724876987416
287 433208394085180001877510669117439756185066333447167001254759561753623255260384716560
288 1726816793089536951928410583843127917015472823257267069344602690150524416198166425760
289 1720841648476770388080907433033982145676318860890476530935861511741036321842676043536
290 6859630847031539891798375836507873656558016026865107816631386864289916159546080236048
291 6836058232436929789077419218513001238494242622643954878907265855318441638231342233792
292 27250588296426665323582588939551826854819515417673096825924370535795597632621433607216
293 27157582875619748377085720035321274544734806869479738836339329796213487891469399346516
294 108260840579001173802532190072777325736153720508286447293997664893700911924632872898828
295 107893854678733373213371064004734012767556588647560182766744727190380369361775053020216
296 430117393651707366188438701099953159005799915408557225815029555233980076112992686316496
297 428669186939075354854470894025542542308810688902764362507607447508245607238751915585796
298 1708922798938327253580910812423974967325057379631234594000050512978987616327455519252428
299 1703207338072312781160907766228577057735341466275866430297776295446807106825532363198232
300 6790119921114953620894818961364593870171561316977279811140342885713144293830995243249920
301 6767561383171050120493175044549429106483283699886831397462260629084323255027784366984940
302 26980608958072663394284048853104346503992958865954438370716826356073169330968003634102926
303 26891564044019618300573540441047896515530935889979356444041466444616256288818976297491752
304 107212419807078215066760299389967271634287810211723588095401601032576959834667173594174968
305 106860903676563204525557806605082133038765555077557311508781138326787215740410076450366384
306 426046740148389246801243542673856870285274435313849351576342084798534290085912503147505312
307 424658965750511757397982163056026717613335430601367817722192145793747241644474101614779910
308 1693120811498793630145201611145457172821999703900375465084893873804073021045653013565562760
309 1687641456121774880533081217581879641518368636823558835478485324193936616716017504066586964
310 6728789805698431459157704467520010441666785919869647247799995278492747103220927017994665560
311 6707153825615799846748837250582647064040847701330928362223176270543043250667706711034723194
312 26742626150852740414601133140143631242521841476112239535060297286884922812954020839306183472
313 26657186450690271595385155078993012612354040065353593874139397062477782120864623477722669816
314 106289163809758662539561191588851120352443497331227347882448687856680394329337719654668070628
315 105951737892902285833086394155235719970372248132770474699754048135831753722680305688041900976
316 422465790332458481486357141251889263173003267872329663072857044995062200248085204892336355308
317 421133090678412871134665162888318634582552153461485167576309465264633226691766669957208613356
318 1679235091132790945279105114913169901417220536446207368884986960933698272612363712017437131384
319 1673971031285979688397352434302156829625943983038129130052540445001739597006771590927094690024
320 6674959487252844007484442831779850358133451632369107098701164096063823165722757060164332632544
321 6654165220937414586900379146945645216830855209833809252171469183752271036167769200668349212540
322 26534000446222485495590331753659032479536702141085509574729280239519522586298120393022896672652
323 26451851838029846221610175927796311016751758790794461547331784616993433136602359752606341650528
324 105480841280044942340494899070101338992726149252198426931178979436658541555474292285493999183596
325 105156284845337111748677991688347181026594684177558290212777433000478509576893300268749810555696
326 419334878217601979365893831886047040903598433836924752422421196699287398554057440078609880442594
327 418052508559444175147649508241135582062914646577448860173121293276058408432042350627021056896312
328 1667111832913881039918065721888430918714305968668678332721463250149937526728167219180239691058336
329 1662044623695297814872722057080259396165022363900617352907120521588110181762443710657448348695540
330 6628032499342460376886370385204913228342937669373512740842924834260398986494819858528394647123856
331 6608008231972845692968284674071363641550360818408496786784805457431882172807782245388257332395934
332 26352418370879661739427737676115920064496017239677540005445396395863183833271507072654050465573092
333 26273281979375518611081107833244701085323356527245795032141388665592817252933246566691646752473560
334 104778477833916738892095915071502819897157817048777203757550622928541251673199408550307565244713662
335 104465706258293106835701598907110274166121525057586265620335312544952979066238850945445122423049816
336 416619185672954652261428995641451688638698939217755863320441891432721537755455326596394125017172040
337 415382926961758941127122084675156579770334847409986931546733883709902053260415605597343748752152656
338 1656615933563464652779173284444115590326660870735689739685904108471130438111463275390903660225352628
339 1651729160898085701001063628737790765576434732473930335471968363542650007046481728614974732479528672
340 6587484535817071207521889060495424347416604403631326563169605081789353269863255939081578170587826304
341 6568166399348399444449977362370804334667582103327417990909058947107894050381703652143335757426230396
342 26195844937752096029911605620683558808440298213270763546068156893404635977315934102609504983720284412
343 26119472211986054933614487236949787499960880434223318191253517212405736107057270500068547119347780554
344 104174174054781591188718245607834617587053278941146507397414337566276229363883153123529648577802745272
345 103872219927086572083823410113319154927380660741317079879419784392523801383354908422885970310242877776
346 414288044795894420449931520105145762427125178679241567070002067850980883468544653514932533499370657428
347 413094131122131035952957654052969549855289083063451211047836606517817520909309223355550892130786326830
348 1647628316084821488226164436280234871261900135896753749654138034127138784554003689197069376729988266112
349 1642907318044463833532106658525850244123613889089026592935235558300088020120691123259325611110405219596
350 6552853188543061461745202558005962687990185683337946204651641404131284856533798304348294041240371376280
351 6534184091139804876384105114820760515089928744069176990705381308794652541999955217049865145548884029704
352 26062484272614448995577510173887351599960965786003194860032178016095866908382468886773914293671156421464
353 25988652872408742341199103629485404428289688262530097719406105828747001428764700374731088420511339224416
354 103660954395031480750771565889359861730918191600826266020800463385386649652042749195951645217314790974148
355 103368951706594772354290519224882791697873351624485909802257525155466946527931709659507096383788396141096
356 412314357930799372873855441852060573626348762097668517703172952070885614211375802646063265699755897147536
357 411159415751721503482051925208217266697423415425126027784889875968523990852316598344367293719067152768320
358 1640043703054352812771983656975794013530504573259999911852152271832392976139177721902456260909390326396050
359 1635475336193477178196017128683382331041561663585180968459116275440256981277582481520681753749838929687978
360 6523729396593981188581890546637047298265784858078666311777184756661383017031698512943719161538346103452640
361 6505658124027238858419613841521709217107153875092298810823520696765121953226062170259554012146173692622310
362 25950746770981582628613045268390464390891519877439998579818107646023795075069413889932083869548489106339628
363 25879257110455462566275268284180022340227906875022808492642324755175857033379861612740021320514294698727612
364 103232641001047614412724421836893935269260771380585488839139114582359614932052536288385112268680764940193040
365 102949811847620086702004628900354499830166906253515391592648371354836560005023931768271788667458166375594016
366 410674112834768651871384585230922321726895309098722600375755700833301881106108034331034252331741126973177064
367 409555109802521325844487079549094195509655812343685209060671995035589584761130627742988381189714433226277490
368 1633768753233970941140508241244756192956996555762309475341267438494836228704003570573411442496423743492802312
369 1629341195637130911489720956038130837420527730407940072902619210602291356205890475590748700730979000150373680
370 6499750283136230338807643597600759773061348459681404182846772465288352662661692299934156064269369000753124208
371 6482230740594084165387676903267604086341506550086575600011498530590248090882369396514360577752102893537643240
372 25859221556563497046869119689379366839061278818087306963750385844116518961954047553897460305662159123148811968
373 25789893884830082845671079154019100440028942949942300778598026325458252458095003175408340743656870261712615716
374 102883747797236587181126337159883684108350756367149499363273836114477396901998965660921080120425799567611205536
375 102609391136443956281976666927457327617395154350170434031115347406889900446720746756198298061404895952849737704
376 409345975278366846869587766997835083580033860439509710231556755236160952706517861143157103165978009757783558920
377 408260176935453406957466844538954884419344115451606501450061063953142839973238670957127261427438200853857060816
378 1628720494229269147332962967102497263768177053177308476686446354916038988823527858901347454408306464229447930212
379 1624423078677213028210712405184021017689633050398476528197076739950763595460801888663187098238988936378901219918
380 6480593124406986712545894753313094375835483432642343201969309508418958633972459501498086278944943514878633237808
381 6463583693634264962644199491493374968024891612609161198810415584685977980889096599466803438745508962871732633860
382 25786653269891674877145968651926448825313965491142308028770188224945350217948221328704634546935288188282431976006
383 25719325193468981209059425652835257052924111795342980853752149741674753114554315020505395727731668172850279367042
384 102609391136443956281976666927457327617395154350170434031131694025992469927764913972842380871231797314466685650452
385 102342873237388257694231272987386009883323998105105056280385177673365511094797949640037055208278304425446358804144
386 408310945040357297536570363732058174145904033890833644227475978809465441573876979338091918011326081021024456036928
387 407255877998909345863349251681070943721754411064242342821170991258353713400489723541061774926270256621363730689220
388 1624824997789463060300166602067777888869267598782080274967004646584724471822192559124539710454827620443387314842176
389 1620648069774580121841811418000765606378601101098835852666253713285171075434332570135291157013261311704128657698996
390 6465970247613452998938098888228695598782316187973816889099335883809254581594704840268805305520205452458032036563744
391 6449433239307536239350021908974913768606402335830661347183352373073468525257855445346580665761213813328962126465952
392 25731922413971904791692434351114196770664319523569271293354243737537425919376294104981694177904326929293128326720488
393 25666446784419813430899323831136806956998507005697593758256394685717314945300988902750604398875944302909303357924268
394 102405214073878037343588165133368173950258002570955881695378815515744039258369508658248099721643322059797487084209628
395 102145960367361890413604397626701419079497855729004094653111525179614225554463654850856224417730031751912915674047816
396 407552064091999461751249869318657177135370232454107246343223766460357427079852199605837531839244131866877000313552040
397 406525484585470495852632111461431340417145118518454583254197001974283315808696661623054998942087190087516242439034556
398 1622016255079716450788893952263198413523684543234436879918757895990412148239568014166978665581245525026313277360815390
399 1617951051432900118832029556392864582913349494253899444129485812368826830837619823424679397970088442825552822992529400
400 6455624695217271474139797930007529685824264482073058782076652408696729702517791841479344242445115974496596810684100176
401 6439525880515981520338950553623471008303505717778612251448028320550243446426037891844502127880642971161853296690143376
402 25694028637680682484138499223910565913728415849047000127668260298603679119522178870644052391357909685961935099309314612
403 25630271742798100145468180367275552102528097199297503849435824878815361012574106150170177203773080212763306917875620344
404 102267321904432023352709670178337103933849734369474198527946921119808264822352874460204690649017865823513226457232955256
405 102014809998495154159246189511230098738951339963623644951334690628766325808072738660815971897190946819727602634322575864
406 407054167974291009206844401498011724032268893450912080840301013975630053894088770423630643692683845787003651849405551592
407 406054034883445085351299329258458869673467249978059717005312527809831567098471342644465116977712091429724331712390747864
408 1620235217623158330764498304001889803500991870010493184521198090650525733774891555565704068068575057104174146040133878592
409 1616273762323346207706394396168144351658691156391885621722857690157471372215920160941782910610550818698267022066071780696
410 6449326524782913160506490810075815022716143248432011895459988371999123368860815123520838528478205949862618934127626954208
411 6433634732751811182013774287423562431419996914494221112259355671770372664100353731082679838497278911638960211934692840592
412 25672076457873731998132633321661011255472026522884707545034904920472154107661065941477187565267314389772093846900636998652
413 25609916466450308918234007090857957959453934448979417696257580446466083921987848748675611058197202318550753321507580249740
414 102192227059362102253436182884293107606323429250516903464293534065821353391967829475555931341219017696285006188072872172932
415 101945980729098579115476095696620112166308192071599995263174753970028844913551629235691830043715128312261808875748341510296
416 406803673101691445508870958789397562971325958747249981098245413465442360304800997764400801711406980735275528955921371760816
417 405828124724948780171919229871437376968996639901333314476906694461026097257783464105384499184703105261765806893108491661756
418 1619428976175154462504213577573104174125087070228287006094450639195559351403315404790618044901779196591629985479465548894044
419 1615563990551824738250026910323526359867031969822014244743389895849621790515472119630056686134292247455688308147073792132598
420 6446869638487757765016774051671976616993203765289752081404574921641596852916993606327932813496004212683213481214230573919168
421 6431556408942656202629560811644252206976592829980275235605514169700632116161356941805166284943168187020744903692388778181076
422 25665263015780647026607062575376589375707541056129818712700677405371738384497955389359806608907574021109967177926877794204146
423 25604588635128683322052435949902885854724780911789086280755758538477221001455614869982713042539270815214246767381763499078620
424 102176801817541821181397928366121893552345116280063995252449866636050651329593689925989332135864965063630920630202053392102416
425 101936385813265252190382874417025136155751363065287374087149984581419901022265647905881411989122778606703785702887687240655680
426 406788394090495137848945742978738806255345815049268863728063318783046638958735328115608695339358668973050728149434669475347340
427 405835728062180160945318235383940823102522991126436852337599470230477357699886654426225762017584832859688409114766398751643960
428 1619550054977111483398606415971427396867077730943818092973410970046690186608751641202039973006899128791180455647698490483275380
429 1615774880023784883204204070013452041629625335300592409773006748609919177042905374731945808621524848102374290441695151371364368
430 6448069056094918278089335311960659775433574593897247849233673443412273147999777247416124232432499521528251729468603506300526888
431 6433108339027412667235299731190449427926768156324400406428026869175455470546695181067226000241623151038030651882606895194835634
432 25672867538155693144244575779102626883670713660887190510837773894823605377062638145504306142570894571740394298567057810334502304
433 25613576851000599164696666828111627745371243190538721248688033077271328478573908757875052250384661229537101255994490270937405616
434 102218237571274280537453057479929353122080629506942546550063763341116510387620102170588540444777820539622234023528169326948521212
435 101983253117087443110930176888021469551685041852903598167190053539848140057218413721010655400360069680011153866273158140362002784
436 406997386292963649112427770149443479403513699137734543144290580641644524922555661975573472709632146847667047056970027923613927336
437 406066042159570139617891322162831480594810006462362152885379160547679093134004667905167876408844240270556149889084275965799604956
438 1620555802956458000118890482056231570958282856840659916081376193237866559661161226008714544726234437663169961356071585380416668784
439 1616864331879108437476250640411456555990268545093870257958183992340189190884373939631511270985557476065904669717811650087055545338
440 6452758560862987309564309374005722073452071739056445847669479751252402763317403529500228364303585585193137701723498379943212630464
441 6438126455282799129724027493339042431562157744183301979534174808501977821299230471639306055003629288473273769411000250668303906220
442 25694242233300582952111277145362151242705082037871820569905620728961219163134018963678888109249848791224251228847797741565211166528
443 25636241686498550033483486452031762639448411423790845805639468086224579857272782284360575998651367295455788713539298036594758804622
444 102314009613683402385884545029279917561041858204858961188272832091884449310257112314945063371634738994117802419398339074567026897792
445 102084090490956023953556714591011872802477719197657030938411544828741473049634539793004361055303871567522828850183540238710533709920
446 407420809582739288424508860923769357821547847918900258005319618374828031393908197648980036291444845752303697250622903070906282987174
447 406509353632889759815058058102910813396891141324003389419177963747561123105927250182433475150032970342663469643645479212821518117512
448 1622407866731265380690454928321438692753663751534192098842612051742558589419788111531218119930470056254064179615532331990561482644360
449 1618794486181752540198939438503350856021472963668859822453207570558216677312690252396862028315731771850250604913733135709431184028096
450 6460788660405394582660656070115595860921256539442827202502135103828024605215391099076341199421608193147371395071816548422742324770184
451 6446463186657267321945222242909131125087728254432976144403460746613208763755192224622537035155330958410310612915886278789688251952944
452 25728804399844491700861019748247948118712968519905064080760715015244107189382821627827954600620719308662973632106390087921681473043616
453 25672007922140640725803931404432831235448701481229776963584642796667171324093524885693282150716804490914172423436712551513341940007348
454 102461846596737535231622739437956586340601425295128537132192450985817467222094282594701728153747939103379274184926025798075029368091042
455 102236655725096353835509282867763275161830872712062320567066753291342669097269158445881818122375534496458904148907243199050989565370720
456 408049810130867026273304593902037633321342518280599612789608532873342300693369611363468472952593961928366669186073727397089198283230776
457 407156922143709768010124496322383284014293628743880576437771315077119601218883738230864133441408036725503732015763985888369492378392456
458 1625071732922928943062243622876237212179320422148064833467785947513046929577320572721600579203879204721402573173445605900128444068186428
459 1621531271631157856040321523479992686662589876566042905726026065274454533830325650296339076127041116940889980769679420391159365052896224
460 6472024814597403964543544167628840375461989159511423423723877947486739672932749112141359570462045943028977126187071533223955158079526096
461 6457985715216498532950174223664352652304804801247841160331852181873966429745071353457871027599946994657013640996239186151318282583092476
462 25776029564630353451861734347266377252922207908010863852060466284362765253946071365926856909779015850274567306808261034962920225471821672
463 25720357794512361327775639888632972550432095147950365226030098106642751828185554159344091090484454121268970095026058443332680157847132882
464 102659703955682959437587252314112640438362586668112233617689098477375826050745674770838457186062653684516705216803244659318846362604639216
465 102438930398789017589334376502684441211613419815062529889479014394628766421074508178720982149726625717756394262799854685382953937858310544
466 408876417471561314841549228100843477797426954626644432606075035995728582289037078956112879115494765417191921386633015641591426897811175928
467 408000879104384524017477388211976575275376789841576671508417487738778384460810674973064297212652754026467945318957261131067440276941242790
468 1628516329416645920650956754658060347466674879111250475166076639094098396965341299170810378060772396013270570153894145110899353095259856720
469 1625044013149233029562148744520196679348409047812505804643334471420123714654145716097407478023955958467893650012392673333212580586557080540
470 6486345890782896092465087329191253128633224199353746573427437166774791795542868378134567506916996332557387461770637575950941744574557987096
471 6472574455770618181440745317876622017956720538633250296201476578310301674503561281101351228817673175775870170462896211837421335725609251992
472 25835445497186111554733822412880415003878096387256448216194029393086034883882735174245691343321735823676868333738847601418362913864717794808
473 25780825105014470726922545832726333788225077155993749594172477533904034576669576011828637875458278038780283191739946343943644090996195200068
474 102905740714530334631513621762696674108273936664852688253532336485540999240326415425480641473164515597164083815752251974301747566063526920828
475 102689097049868165505973593085301523215414412587663524699314373671887228250650184872378490232351709577625885892151700444008187124897838545464
476 409893454610818307691911400970741374179175176295295581782977541967617088483082179521250449238009712989955490506695134316781264289065781361600
477 409034139192346990485010119207699987650497660202433326894543626785295039153533231147838849982115259849701988776828125311073074734773466587320
478 1632713676943510581266525747799773172462655932356156459654370794783144216712060538534034917484355111216351444966723021258726930921809983206870
479 1629305088891436446441334671082028343292587757132030872055927431954786920052069739102456212454849671795316769896350011949607502964137935963618
480 6503642813158317148711660895402429803642912797218689897623243665886191126222109760205605068014150822720875232110798407553400053091549814633456
481 6490121726228674077716418357158349908001243539844014866651053970115117960124252848482964871233871041912322102123506492506128847566089625655216
482 25906626973576699015614914770067770172187536453651212870200472693986487466416507489705379816225234203579138498217000591977240288299513576370128
483 25852990064728714131524614739487919716344498075900382201732148733957529928114000994785143710670747013752758563750440784578590281926756789400840
484 103198299183999743186168503464236902669375145212065162011872957342987495512776111944294287122622027978365506129275523836713444080517441184080436
485 102985519185682217942485681807609610086551691304411419409786621348465871796115979220463706492816229976406661645242280996370758078197861730054528
486 411094459300871404955601281289635069069774241009378916985567994683176525305760856390795607474752835086801173591796791501640163666868316925863434
487 410250322834134502686698609254132738332464642978558837073893317076024212083090348434701418061732004423468015588850151674145113846970123736350250
488 1637638583772323793511657563170185603015658042053755357827754470623145830258462196285353507495054722600004898833921438068696541180937149135634736
489 1634289629613280186571960921936708740841801890638512504335264175182198701713415130369730802421787231715600803710231985870579434568838360502802924
490 6523817378619542948846439925118780198135845914467205017305666789094654409404038981787962751191186323451910550968979322066549267484212204902343992
491 6510530581514411496812129456839515880013369649875622115030095166306274257742240315688785029606956778956543334966029290926555452333179641860776254
492 25989191183118504430363866368359368268996459334056345190892493712653501305526093886501199990328036993264736360765043754533084337390695287156727552
493 25936474770982361419348929519742006467233789031147508790910967356238382641390993874265261253850026600143308539296717094076581964264431676711686336
494 103535887142464001455376698406743394237621522205309488533757950660935406010221045231463012928702256144894125525342194429795746680504098914015107000
495 103326723734095387311022402046325730814919256503884620880154399245458768825905131151618374126448994954041730977943473723847646223593643554125414672
496 412473614906267876765774911394606748011169612656636188190938932471791052975291275259652514432948253996210896971909023410365633659976485531015738024
497 411643688115712005786366913584959651938712530941029274331399819931606362726945995332403180624484929219175890861111678949851264670425325533475856740
498 1643268377457902545187344225315059815369800223917201199539804903662717769281271615297156738671129895171032640342066793248145198742021989936586574356
499 1639975254456984904816227303019839254617556135292116627997640965980026952106550378198031108379711501578600543150080195896401431135213122772208681158
500 6546781215792283740026379393655198304433284092086129578966582736192267592812967612555206315758794907583294865375704970232837454751561367129793683832
501 6533713788215852035954470452749698906620044004077973631703176383425416759290767574617305573504798717241434917576677933212153523220697843451672441300
502 26082793688415473067834180851215929499734199570064261270783198152160428656618160801437742032690444665109697676555089583780219708784411597038966923626
503 26030939227802321033902104944951086697547849272708268703644464159810209116538167434459404312730848168197906036799682473234332060007040899032433619002
504 103917162155433075238513958629447592133861652255335390142326710098289961790638948181963598689342142265328410274990839177565130520402973677853916273280
505 103711385596709445386556505246022943436566876706314924023232993840669585628662956194321428667751418840424132566417744824064448925019958824671768820304
506 414025689536270908460166285764755623995780812147739420013696931933107831956351078110047332872106348677436430380722338523069386342769955245291902223140
507 413209070819236843551960829579815277597367043287487468494932243704442924989939194304791490944492832462337350340191847808106885706681266393451995587192
508 1649582668546087241581449925960364927101299928714615326983705886284665850156743374158319828118675899560785754160667393615931001486653520457207702979340
509 1646341838156016343267930377972230614867309162646413725162519823639705799370523941159365704588273996523825129934489937482042470875730178038609239809196
510 6572454867618920146850012254022473591901649912055094793001745805745962759840087529892327907136152240035304831085885954671122980410557300073794680337280
511 6559592920715556310946196183075267185655267035514869558573170960724933478509563100196611691862477215112540048036441316464654541493179993513709647989840
512 26187124863169134960105517574620793217733136368344518315866330944769070371237622595490452371801419919287188566590507815240533916509595757942642099357716
513 26136077836145413449462037033539661067211239416359441282112205543317278811059545763746343661144061262559502950369863040994610193663449352832426051256052
514 104340917742743946300186964966582460136026193156361037958938221351920342646487197454058310943693503604533355658680254364560986016295457577731031949968128
515 104138314018971627957856504840433756329936821907513734972610185970654477903483860013995140179937114001475975597564940200805894783800757148458560278205096
516 415745982323801460451907751882351817906336924669531577603831362596023690854994602320129724874907265749985498263620554285725032862995176547258001708944704
517 414941831487585210044844100524745721546750199476747183836705963442066198222779016690193401877505715363714719015442508343636483800756566961593118126768220
518 1656563141923409680256250192828521529263859869725701112305613769108480497924146588517439871838311212239463529782235392692118868000920867710500784821517272
519 1653371305426447426537066666445422258494565342038368354863791777260487279238356467274219566633298303221915243825333568422632318084998443674506310088210872
520 6600766980894817033636443076039801170451380096291639816725445633832253060959288228335976187288180874277708259042819392424182039896209760940195531118572416
521 6588097562505383603629463338849705582792164395531003271971653991540828390976637286106103301978363296523316997496622704450213040306829792526462599127749576
522 26301906743795439521003451337476602365016993487139101185419400226764533269722827221440564895481154529168890404754147662338270066747874487435584526300403192
523 26251616291130438680619123514651599301221549904945718582770414757879706246262547044445734763523726787676085320808722210467005690247482385516535481036768862
524 104806071147032209389036653421089972782739470231195502433503258918863254708361175243653031132687296848017960013660208929428458732306960097709852007018146564
525 104606440535323576609248012176478372834581871240278939571725157473303515175583330318058051667222164647273177869747616996807237492327562144011538279475505936
526 417630275901481959846807653176054340214110132328109834792058613486572969332176822223021541592470646342888903187413674288490381783237889073332931403414972894
527 416837808584780855558673293302854996115032124486880024858866851411645885898908906390743659395002933129551199173676257034512151073986589377613603235925737504
528 1664193372152875082419854739171246840550166133368074038641082050711646832338825765747088027950023127786489169780599561577393976141661303217692641870710240088
529 1661047448954098380940800193350507243498086424231272386394123483508033133222873298056120291124132671147625572510604063948490764582162061262777836713162229850
530 6631653588654475800133458885150327032531982780515796923792387341703770018678490486740189104763314696257962331850277396583469069789325025458014485563257216048
531 6619164598845333661150156702692416812131734225373582616967919568932199830319397172668080105496543751691856691138193611207370532296107938645362682127491699620
532 26426890240502798301283708339320852084525946418596784733909513466939835412778946829545303614824141057011638147793553456823812406996799483172407502398536842600
533 26377308832922117629048654477521000579676929633571274818836512503587227841648029258437152240290166845391187327823175979849954655578648567595031163139583070816
534 105311652493988679372905863943960249505376805203696550400298585501213426513845690292378665420079033598965148777077934279927829775466420809019418694226104947024
535 105114808283719541654451834291728548104432175661259734418241952631117700482978688558856090796819879839951423145643011568299258553305041681815015264568169287416
536 419674794267089214814415905567722188327397119244581775475816751176477386256668645504172447427689700209781343521010662916413855664560345920508567352643772825880
537 418893276959329272142508240939104456133118912318614211648115044004826590379095704871419058296451662676901389754048072977848868681467837168724427501699849691916
538 1672458659681485644167486434084008125973865099740489454684295751900311368279363522327838164038796364944010578657761189885928192550234870908992994849437529333428
539 1669355767919553388797973472239696422586158485455256635658907448093446226594244107725061479073799946994404790587577326576329597794246493391938868685237974914092
540 6665057473397327974534131122497750902029180916002839456445563811276796415809611663245129886939446725073562499915093481663716427055878392984182689138782804584400
541 6652737588973303338721683560348956538069792411537030141368954636024898455706451564242574027510374650129273065631823874489032556089455526342341612097397654499276
542 26561852661509646540578825137629413188898580772262238424211103011730406380348267876042814346237689731585463008841240274778998724910132401198843840129272982246966
543 26512935805779426197041847559107075411386797013933947009065226210603831046314477320480534430078178163682775169599001742405237878626658956363619918630288708478152
544 105856795165722267830836200180846631973404638077692156072958954649690296015799714609691674894092935946320102444188305490163863502076490002578117000456424541039936
545 105662562514042043486192464033725812465196556172962445694843433631984442261642283926759120701155601782603647075429481573535900560571789193089803121508636186106480
546 421876165349105594871610936984473024128440462375564343616774148933564256649047946841597040016543443686143309127756365595932559558613414608082541104700363029853392
547 421104910933476517001644555015580020428022838129905176626615512463850245210932685485072912483581740193923127284161370804951121064060892402334983505046245684429430
548 1681345885259939086130653807251987380833054689467577603027435659253475066645110795386302434224642088097482472247924383645111328827552262111049451289798494789254576
549 1678283324448900945718758262976482850084724899504977279524653444937894966341567788417740496382653638514214576520956363657850935801515498713135550792183292463827880
550 6700927600890520866906169355447920615974647053296236556065707209242940629247423388047393696251566224806269808325845969304558955041900877529478996851435283321240264
551 6688766207785456400723036561699376295437487984233992932551976343164459793259678517904461216073153158216361542633358107595158278679965390753603948522985013130608968
552 26706595510795554179698501054321422744826491879079203665479267862924763377435383068084871967371988455871969581864911337160486257277458333804108637130077398598608584
553 26658301486363735817709896169955561220875630230111610168796665208561427458127181651828991899141463943415661555088465224484138962406227343980008889572130905722002740
554 106440727234362064311866950050436284152665873770770544572884879858010609273244270422542533740846812954332808841531813970919162887588614305126803179415160489770167628
555 106248942140246096628422144735030092649688097421634021069149952146554734301580767232154468614235888725829627675504008889849772663621706634323316826814529835383752608
556 424231387682277580063124390848501449068898518482063897074663477995236529045880041827101776163057743235740357762821259051971698998075376489230196203474211536963999028
557 423469751438682826777553251906224067652257767102383351478479162953952441920124422361549228588157402102947528616557882057873719101203410304371794687099719035418468956
558 1690843380296389494731879292557468141091810582623853238519805690074204373831607908642478522832486660252377822063259641769703733603722466556023855526679320719849995092
559 1687818615752031016208208667704950308996834177288211282815834660217184330229046892703992274229722167952356160568320145304011889369376025327621392777921599398370137992
560 6739218615752752414717061751764765876637359322172215050671796964724328861414551521585838203696222315379263994531406006797166061172446612034515322769150840963892970944
561 6727205748344993497756781784292814422311802531936613954324788413985069808185648577693630526163384612373383912711158652992872403571826490288835425716463290392792666048
562 26860942525420223147626722996357785700476307618622351803389368685022236031260845922328100068496595246099132426933634194683927317077942081090301355560869382108555157128
563 26813232147932798239726853150893562280049173857310411569280328953787738276320773371837490054548197282710254884765640105859826533782769397034184257559024483436230162182
564 107062763824724577368554739886192025274238899869969941230530675184273025883465215662031557231225963115154560014397695446347202698768920236731536445796238030431926002880
565 106873272207335684311265262470464251778178300047191233369945665139699091324379436519253146199721310231262821239809241625480228945272206553787912180818112656319248924096
566 426737800686534711207525606330828991199086498421646974233351949144381530729854287161709632089236690733606593104635113471446036521250183471120046451183045549602832100554
567 425985176699433239053720446531303719609670120117552358758513585918377330499290170253107778503298344131664860673667849579016297621535566494112579819483752961248687375660
568 1700940811187173567207461219600346542385091254272198502930121149406478495726038919250140007654500450978434182039409719360647091876471749552008922073415310783499029195624
569 1697951460025157444945233695488570889410776506900894111888064697474305422798576636439452445774131185396513012316125736896909085527699027968252596077973234072362469602296
570 6779890391258347973149740159529802358419170753870938594135500441143016039104491972870624442081532984724093050548287137426746191263639603681072630646502690808481201709392
571 6768016677788543510850003311614688869175004080046295969627382226710191142363503370466188733068165635661057120895800660555805741963297701673805444261763714095791560096014
572 27024737923197610802065397838685226183908582725219825165435211548612021974052870101651922022966420906486701590363715758600499001231069987326682471730117711865273638701104
573 26977574331708609736093206917500784253395653261475986029020839451668545495913161776866972192543962149825225940883092229075616069781071323765590294113571333634398176747908
574 107722300293163995670950575356989194266172190375092264770933386800042345429674158175225346562594017666760445204927017848881344053400847519774576255736818974561711244003632
575 107534957162219362635001096095498778276144064826613843440896980909955315263709507465354956983149149995477248446093973625804941319263804874043414414803531363540242843056840
576 429393058113028704966150210103554149366547481078492777628581694605724349143284491615133504139721275653194143764347740823602319902541107152189052845748322912059032187678880
577 428648876036576315529467107486390277357246705548027452190750530490289818208894050555141076362639592702942238173338196428685208031727471767708052261875031486857204111176256
578 1711629075938439682079602221589253910277725599316344912900090353584063841567694582493540828531911763895631481779517043251013254410949134144126410983324150502872755069594928
579 1708672894460134950331623633987199931158074950612862451910625603405162176901774557307885326847965768494629854411165060296388481710861023335835977609223497195815744415654272
580 6822907626844263008565586786748888000969140664861016273491394650838544140869844611594938631504886825827812697146984166746521107540690365054270568670776267529522802082597472
581 6811164240223188545556007463535895078420140422752821753227209806344846130300361230163618617865557176994083894692354955989022100772647193389811942309224276947222821780674940
582 27197844835530395498062132895631306120701729110786181708762947749047117537488040376117274306710388586988639543510340451034402145942069702587590830956323517007800411977616704
583 27151193300649554339403364228571904223410645527405759441681021595103640491969192965523584336054125007434392746595253718213528923148597045348066816340516574179601834328971704
584 108418806125196508081316173597653562755126070838887381880137230068119331553548215745892134638441784373156298580780996609601697013837533344651984774169259015520062643926858016
585 108233474832674804648698539112871248972638675846000394902564345914156734405593432471112818242184990627926502367624156788189339028847819522116819672421131980998976955375943200
586 432195104280646830849751845604298161426577647576179051317407115083834058889229747410245751878935909867782533297734585975704233804994776030944923818552217039335340845986834428
587 431458826419862083267384295611786580231643103031756259066440493081987663558924415642936958580430797392415699387121851249566946840085371787064339459666675645564915391278139550
588 1722900211622170359713976745062032126503227901222047102530616118633515364007405659744244915944793609700233265485418347502354103983143274219301740262315317724072732518419674816
589 1719975083928414552651644017141723073656872675583299993697796736428704641827427042325324242354586608280801463770733627731720188761494826750470405859588038057362345227063509132
590 6868239487687024891605547973535422985653545802837719974833913747501742603636301884268583014652170016207217702597925745303390334882151040482402436970464821870231377303772625384
591 6856618101075033309724658721465143082124521190650177301441639781769929164374649935225827267322176056022958119532738455392216616335796271179109200926962340065010253092611490792
592 27380143903617193824643738543147970010375621781582802602378439939365054973955527781881513154162791752269684774245353434678827913184294873380566085404520750878305008619363702416
593 27333971654201313227974862086920064496024229502018582024634125538118233633358638190343770084232081275612602014461034920309833151582339371494828170018141097221893324484885576016
594 109151819467618712082081435808374398963921670671360398253252770667367761242974225231473775916545444154147900272487013270960712776290157129964216826552922228568629738030197082028
595 108968371031538680633203988017099820142133567023173237920054026514985630551809562668059533848400834934038810047565671984831805437904720990228123947077355602660642945361150450304
596 435142152776949764944673643423989214661540083079114607801558025345076846834407314010036394410156008769519948792479398366181606048792509732340075574038785448527882974902528982936
597 434413271449015175723660789749912180801135493325213243299377861148518929168018022026770000936673345298178170708888273575717195920172078885282932534845400388111265258968158731796
598 1734747311405097390682444759068211183533631367994329807690492194686727763968607084615262145911862770467044339108775989130916167716700904113611779308693504346080176142747754147144
599 1731851239098911919245579241941219178218884070218045450749439620071224044830095219699376898558891399953338016114900162430048059714278704218650615540114342106452913941319494792858
600 6915859281468321597520679772818601918354077053737394833326095549484421352354846910666178418306899617704473288132910795991645313692330253965670733972951698006789824784959267780880
601 6904352028088174639787700272364660816992423015378430782022724342247342448274389594675053326035114466369713621649418950386680783819320757583838394066745363871981999672881047460376
602 27571532019142810355564171851768512631311935097956391362097390894954503730318326554150877408409447059504590895319093909548732435888013103925946844865011219138263856266361844032452
603 27525808085446056109535043871914833505886873845720974460999385271579786477034216559865386726017272267251727274370154488777436949237421362823601034031738275212752198877329009609620
604 109920942222013058503639943409037381483773410125627467549553836548096763216235977388071709919373848698591242600752641358536150763927917194203519487937458179873589380307535633515804
605 109739254714208078241650455899270377547436594571700810578397549214959413194390959243628616170501918526630026753356715085815408954060476702357338847376422152285359339917018807595384
606 438232667340566913110221292535040121559070229147716108250366450660398976782881388398648929288631898754324345599456792103896320893716456586198986289127312940972845825729799650954264
607 437510702484981135658639379367766579348923490714194335419640970511040823608609755139343082590798423120996152789329901989577083474178506786993014809527666681996566120951724233139810
608 1747164450055154929899961205764699432005240518838920799998171507238169604805435009010402968031334123288043480843401534613886857322580442086993423535130100233592686389695790726473208
609 1744295542912207220655462090484297626698171158381057219045793557308386075076690452345361255386631480029193200283239740608712666961674033499217365606357806248229996191055938238232560
610 6965744168088748835273287954786473801043844166911894074746808369841358162109537609693934456044294158350521624017315196970283173532571551659977245691404657585982796286547877625349008
611 6954343604802187871549436419672256986312184847489779681825782496895627625019341967124877280068468552129483855793734874178023952047825954034821865515765464509902864429924697507666360
612 27771921193033573787690886617122542605468921188341538467944791539890382214946522496165359595780567718774290282812203523773434907074504732953231805933813838990688061201488162106536640
613 27726616264496814287221570325740613498445317728001666463918780460706221721936821806938336170452426005553765976443536757734242314526731862416157649788794119514196738444914491042439316
614 110725835636068711127471157066312678010078044086417078452001383859367517365128806303929642166465943274574345917397252733030557915039306972367521819810340649130572001688334577243544082
615 110545793626904371759784212095473145200305559461886318974843658031953911645835913935955772829185932627020868575999271756039696873556037096476806341610318286479105312405190736857512256
616 441465344678871354754982405446207690247973500448442117983953569413322439364864201757225975909608564078592475868576186065081573750174288986041925057561583434132606962584542091744495280
617 440749841689116295833175302682113350393438697368298775815422040127401333304305264639305026190919601721995683463465491928456156597857676023626700533433537640510926435442011877057122856
618 1760146616972069608602389396471611243966030267160131680764500962838877816496804843252111334369308316294123954148871000439960520695858837208127711404510508893116411187353702795425644876
619 1757303084472922484840511546073434166027474483206722744285075274692126802253675917818747665006768298949734001272750943585508553285157906989193371432171196925332740618208215367652631998
620 7017874898637025923330817077544875798522623903902976636854590935705977358677583181482611642836845537160174033715597136617178034146722066678142016514718618437710834096081058261479152400
621 7006573972874325398494535568563322053275405507922456545651926538063938747794044400191979417965794377132916887522272683281351664447859328270528272201616269333231865723732098033604676748
622 27981237537973994035145379987638733087357085661863958294854317557155665352926698215557679862108046756395013787958204376271284755964690222011573935860974839210246360103938068449349300846
623 27936323834060713145843380982843165297489738814894674252647488797031819983178822295468502205821883198712946305947552721141054111936121847224672794003569076000798266441080406214516879600
624 111566216337306565960643758668662128079077610779996038842303753336864255445643630064595364578391789472038026040754257908050052055520450510300551350526854824126811170709966059583114141872
625 111387710391166875455106728654792268674151086602748045180156067331525272636930600256492011995053012689908259511074082209733610955111705029254215364251166732777139339114884005850855914868
626 444839099006257489836688213477604906845651304324073662860048192218551408294451278979600686881228784542314346465980697494270730053793284668077395783375060402774821886471897594755209373928
627 444129626759038578369644053647497084027715656310797628310032166393641437946294259395901164254597339273956377635861571809145180559061469272310302213895004510767432058519426120232306291944
628 1773689655910300564571763195140004278250813480935478426435606167699447016511633762046051146418094747924393088106334783935501606374056875080739397639251690205661596722481669011827785784776
629 1770869799541603743324431298168398548078713618485660495709953375699924843194445155111160763037408786802992996996408302221520046981108188064454934248824016213519411188068341113004652179776
630 7072235580391547647943284359034429757088957879539558424136893163906366516630514301999492825082836916176512553782600210821686095236601032268102133776255198794616429977155156724931877488400
631 7061027600073969917914848092221379947648246377353283371166787152553107615653286862535151315058828062751712171858895861155854894143372743534340118177561370512226368540697220666109836495034
632 28199420352194145684837146494884118651683819393100770931685080337095005730868506394048610631659201787302320535841776649389261629469992838153991265552381732159505292364581146798064475885448
633 28154871504876303432570421144971189554287794401958431641113697903703070492747071154879497502699023744684552167096134523787326628923984074760010335845344809301043229324157213630996767789388
634 112441852760799369544587233973291880049616238841890771159778995413527089097217009722641778670085481261704694323103646674988615465750499300927432830783758638631569707023031103964980724786628
635 112264778976924094946879222581207955829065662087809053409921075735710511004150526242763602640683351372505962341869941124770883482317309005862516272630960530667408405866681264912838332318216
636 448353048115388681077159159365201584600356575004772005756603038315573424450538265183364073439207934721578812226211083667208469255155113222627406123296408708379858058022815368347113703283072
637 447649197176432026946739757231190279130026344902723698055258292572534847646063322851836029367873959946884057061773391612116238689302927590095433802955476274357534810950010667340406571634008
638 1787790210667004396019267870572214469002048788106802480634479826763038858624089884994479941738783570436016517003824136894240220934798057761480162470713992269383871126101812791031400934339256
639 1784992416910092026072445855125309595028649650723223760007508809819747718000265018194801569372993505390705128941155871404807787470278397430567783516698446021160880607906041073770081000498220
640 7128813465034680029126830633906705195145669542575874891529988309217617448763558416415488767683396149633872235130745003644366991052328188598085970149211620707492376539397501021504390367623648
641 7117692071173471479939425281903730616058078794459531872978459466301521321698404659135589409231468642400378018055529496584537760875780714505854385834200022134558494031763283853483423076827776
642 28426421293596231891845305954518949064755317802171712963110233756381776742733192439289176394500763039078880187094302833779076570159481469215473445379108667722833588496719357022481123794916452
643 28382212240262489696057055089892947588760363964221212631907885025811976156819143928497124798241812751344586684750198490268670013818820765152427131071366806769841335454807246967856138054411222
644 113352561928501744562513580265845747202316236204933165977122795475758389247420556186482305871239054255289473038537018784251310487190163693773496915485468578419370926262604431011657929136761240
645 113176821522411044183346892544503350695025823435623192076383070211454887868742384781542023226477430072028336361515520181350417481542113416753986316999247197232552866097621148457517841262863216
646 452006500817059588224512357221081493487874031677875906435090280411073700776091877300895386879739607854070271176456193851482548697499914633938621018087277530001532874484308362120285041343301920
647 451307881804977579587380189744696514363472371659826639191759383532540356570873806393166027703727619143482392291669307678337058890522454454232102510760775437477786181080458974969557879913110730
648 1802445676097657370327376436819868177735596447308073058994248895960207473465156498372706295829085050183834885779940565728215443089068781410744063872501628300729630634963312016351327127987110656
649 1799668410032791950650446735068219690558808163105749371692254675781532269345795702535460215249995498217769539677719827845202324204425442415335410320260226243748090349208363370144989363600381732
650 7187598757607889082905476498826305102601024602188500567558604828198242724956439451972391875059982125730638268419205091887445893939009408918085293237360285599301554966632541084529300138378306448
651 7176557899301271741764300651669889887389655900802650336272032470551240816008733707806535666342531971387603264214071694448763799746388745151379169838389221788229467605549020062409847191981013160
652 28662203634632686526923679289798149182151325100751689379834927229011397369458194133632237538582750598460873004527128781634923511334492528548975968734269159697910302913345172576679727723175726532
653 28618310520337690069761468448619285247722303163384535184766267309824549900285976378450564893041276039040304594201290493636417970197172732068672129809467364954180965063062243852280938271733673916
654 114298206543000071043145192030265402243196721502691752144662829072265633546707905658276568043767298604555988070229757363824315180211817039209325569124566750310574689213255131897644516403018431624
655 114123705464308467881247260439379500865726192156886115881846549943911029526025908855744848092555439715989733740540108044852402653671778894905910844369967568344679692542677246347437869442254423896
656 455798945604402722330591192608497396750308877211953694528106647641839782558213233539712655491608616772417353042634244162559225201258234821563786792071939310790431736051283624393820456436000771616
657 455105187696329049998276746348819318520856352284690446895643776032034851382325542164461951297557461272287827093173642431527085163806549776235669512546268452454721592751028134794779048478425851120
658 1817654153899624230084302871435709983393329017939462757510261160200892993058892894845297884513648950330087799380495888292255764998922379172034439355020483782751419600139993521286106354649996137692
659 1814895953362599003635009543861452456863141872236974953629365468000284657712824772091359647966587265893129604857147696980353838862640732653435425871012534318915221383786794074468171429821386495078
660 7248584444036077232699825996392104054986730265479796936010617232801136905653039544292157624302915204669000550282504929716234767211432888819634253514044464200193883776201995974166756678572092857664
661 7237618355618473484995287681722827044313527950403428105547666223371785715175500906554953149833470549008002478673890059364920906568715538993125238420558306300545421433679257458847352328304349169476
662 28906741589509431864543112734856729161880616164451153944211524916306648687196411475727033426223105945546314204199077289585884186107139903027435033490001563006319195000836790211396141998584672583386
663 28863141677609719297628266410973084019856663500553037573254946447352943334727035289489134431613417996345638844062994444888161202062876704511548301981795618756452446039942928151199422535613927731072
664 115278692362983396953780365243826233163644384944979903078723069244548201391108580704405398362407808034725357098775766514056344000513887050909593742633827508053055961289057071354738857789734334133592
665 115105340945896203875654379732181381685202814441303241570334011997563918381497891109361179718253811317757344683391069575704366177249226376528259430880939319450511511509887046298759436985758089536496
666 459730040414540393857718693825228941865825054675475409274907615485765800142318904430781888964797504688787601585712222922452900673309199045591380042956299421399372176322102727574992812905485507075912
667 459040789979136285321200374943931747050434012614492687521871771984287890396978096478112051050307553381161224674393171021549646224112357063815847205612141813700559982504298811902666256216772403730872
668 1833414412671161091672099701123368115464907104274650434593344143194730676016672996113178072159012803077745747047618519574033670299122321095675735387522406416443982705131403234526203161101184880481660
669 1830673882906331254464817040882526010658532056286198042314430325342421661553269897464279450227534458028308142647654679051561219919180541294819153841394755893065228016646944766410351034189221675436484
670 7311766135309466323802761793136775529137659377047561136169276941218388606442612306887181804192361507095141213310716869734175963838046206382603198756530709554383765150284036798883479169691238137840456
671 7300869315435681724214382118333293002268601762476700389319546275136095925956110649201805974379854261823774351304208526292068292852052272108856514721747805418498325086864198093331228461810149094360744
672 29160019706293704981832442865485950026918046325130154531151283039382859323312799081038165528624298867373503579295548285309153929390529939944445034808953933478225164888313024198434059588282480125831240
673 29116691296626106608902528388717025881261407326132932904804847254777535609608025233963814614020102286381887606092861344083077708788868199613924049796688127404531210301847708294949505416614531924205216
674 116293965831628307108554312199445450552456540833753494628686422566559533918493774376603247686857737915756690694917222944497515544704285946774316363808628532396879311206302692325703541178243333232806128
675 116121678474840709616541639144335160996082531143629415377384664903497964238614524340489761393988319044355616941632567019661696580829086292267521298302168930825227080420920458910429146108691132282164632
676 463799603375843070953642641552817950723998275277809795146358868697403111603933751064086325094332043521183582733657369830955534524231721661202878021478404787270215938780817058118824278321288201107990376
677 463114522720930451941894277237378042377286313275922336069333227827835307894031337842425931704237018345288280269435643948429218269185425071554998771360026227314611628552874627651427288517142215302572756
678 1849725851811621923095353543892064511442022619987017236099932715276958722385010122237890004506008621947139432655930126722160832172917925440282201708946009068368854773982517087838842315088427487447447584
679 1847001660571840447509056999644800793457571923934017210715396731896580285385915851071118443380079301441886101575304453331879709974895627531326858133789324040600836951577591299197988324580275617968528320
680 7377141926636939199168527663287174933868772566771751094563261064457517728100216840454643665029846151056474112677506910970504021429977895078243223806774200915187082152333603008953088334893068449839690240
681 7366309119108837966864315434706723869355015191490147935834093280221897290907705508824020106050360327042823277354665044419067976933651284274248634403196655582390593034716275118674619338534896218775844460
682 29422032317378995046537236428359407360884254225248039556029428292264586833478870683338168282816981716816906300584256875980434096375957457560965216656827735259365793026197266289210210333839603741024869748
683 29378954671233491393467635789372058301790719446001702748480336889201241904000863552030206103779182329230820801631197043920265255003317858712057081647858296306131028758329358516663311210645297078521042942
684 117344011932470611823031551135328162690778136734614988170830819270903205967442045649337022040240827665888247674013364825778354452911313111076819915789046700385387596876633846504826571737088913100462351880
685 117172706805561895601392089016882428146704008067849126874231066250069770630263298137440179672298870253224237124169971275898050622874546554746481674542991044537737183819277301013963726735735108946934507808
686 468007604442040224413723504236527482685085979746219544658007465780162057619419004222428705979736012381708932475456477740007460998426829612580660280212350813866763549677454176153701790631663518804949839966
687 467326370665559816517924780067333119537072754157069297868112258406391807171646924158058358518339016730472212110954470590917989383808235168658046698102788843468332409105751690577125598880975437946715407912
688 1866588468879299964812873976199173564662610361080852369973215822820878904226287423817361001756388979615368422669735072748854002766270531029754920757190314320733460418189346359511418159684043000327753498072
689 1863879341928822025821853839804109452086902653735306865807797512482967614089529386917771218009282464405424729870686335535330384363867968418028213574733210229511755484882573177765437822408893004266338690416
690 7444712270080918120529027800724819782538411179267399597342449194787041658595279696152720980918235466523800329500523522420446923854780161131067423827929736335316776376955829568130115880872283903310250990768
691 7433938446245779309934919222142005282129527805636043013265253175691836099031465977344974640859019496239291686720132475738597017810159364631093714344377318947227783091659003875429155772154716213582123467654
692 29692783042519268804422134002890899710702333605170553307319595054352940719252849655175592351639205039892406886933447315622771435741671769182287300230754230006237622245428732374697816696479180300510362578216
693 29649936313742184722453270894661619913139992575437262465606291165385620458474707014980533776817214845029440435922721735846294599173564911751506348659818458100800823082949494138403524555085951710303345175080
694 118428852250278582205533814005766585589660027981429526735822246556842852897538743293265186785788644885334143480842627392946512941672960657390449101462653708099448945916866444101233151034511952127525537131402
695 118258451024019188562072614273384187624782819308074951877209552676904949512074658770541064214873841079743322141550769283116444070372837317066722454376166386015180388291763659599500590163005071725761841226616
696 472354157825823770405979694942540289650712985167310871003796776496832987993631539342103676030674250289780185241616574892157496006983208711486337725727896194002723956942510913794188460782557635739556803200112
697 471676461760076534006545003845061752649779394083857053398339392312475982271976400835156611933069265712606076834305794271253535890439724162762537192490304954264277588874501847040142015592209712811296155555456
698 1884002830067469021218119585558785338664161820495406110135487429465878278759699434854465091789967210324852276451794483472794646809446421216693914004523716838181482395704591133217707996955753135522032056987428
699 1881307547048774501874459900887027419724728112597701666487224929566785462910257804761683310542771262956717800020092352543998366326961303241481769936132405350591810342641867239560540997733077900469454022005072
700 7514479859354819296058556975543040950786199718318819799283258432955331648995829745876666480396554930324264660506848868263615775815827294214383730479487213044535346044682178230021127419397538687311977418450864
701 7503760201923500010329514811526574415906333527565155291723653214078077252920229418136471521080725322720375133888984618706161814907537523342550377704210956989950390401039150639360433320805025274281445437568876
702 29972284339306971551230711583362556498862335058821503472924677510363146178330944855348527272236971232062587553307613747856269160459438489496364766642963225744113743460243259889559469902961305350148494650160216
703 29929649510943803739635788807283804640400226474100562500701456062979983808233745787275485270427245810679846195483233102207791933144715811454496812350793063157639963989351036120578456659370257281771229365438328
704 119548543217008488800931588247275651489780450064163042261324565978834821688570018684401512188127010255158716868882550346156757612622900667837795770724981202732912061130711501945832056029848256281617097604109144
705 119378970815282235625327429966073842055043172830029477662372332551914488608160699508962644794952362013662024825104753877174909100713391293347659929505254493772458236574409794270901931423704837586313074130345488
706 476839515154526776860373020544374269964903324901817460351118948720111696706817524950813963628563259034740691720657696677344669335097628702458507815639707819612073959862514942871494601109151861265988171553232928
707 476165060394760826680938263796786753317145328685548977380325286840733886669042676966442232421167837169062107506075538802875875055179297662291626796777539426304291817471316059808014834668317192750691905362530760
708 1901970043497716974369623460476430703927806482376740830553050722013552869350356907430930273004325767675293328705027513524967740719182738167163833590691815661197878668507233538040700528272747490851311393432777536
709 1899287434127480420103939929502557035798148081132203819508547124380247435119961481609448001815321076888727277894473376212317312631942247939295797716906744002240532101281920757598118366739614408492878804575966196
710 7586449525613428832978554422632748948624715433930887369191886823580819332394663044851259905842606442333000892254481981155521507282333612426232377204545323063873392453631563311021826831282459504566914687183389240
711 7575779413763058328290820872108652255307381094361364320852657728189003834036864643944296108506681538757286301137449359969243176686621962244505067765162620658783891633506498077866022677300503133958226318560286620
712 30260557096547946468622323820613773896199707629724326023181121599676301831461858212608958051394666146384441555082608712243124069647879438141763680169591869004788316868536885929334696051738698547473309462450266976
713 30218115922499492125749080729701272109529020802754165678127571639508452880786596139379492472079947119531167237636614277352773624820130239303466380505736471194132673431896366162963611153287778190663698680411653108
714 120703174525166038575120977928722728370275584495034846658291084476019758565831053486709121190997211743561469545248524881987764515647179329356604233314021594646799740459230041011428013075070046908931583417342500032
715 120534358896459512647043885651899339938988485775461371348279488553675674987417303761552884657862949908955089456978494991622531997184631388102777786297007574609323614864011830206318066489230608301644510347300360224
716 481464059279153919232605465034123061767467973907569164882792370479765964335214369773800628661296140697781503399572823141758028609382953864955588425600668841428260820990722757162295409267939929934392024409293449508
717 480792561288527484198808246812318148152729524850515372463151097996530586421218254892665620811001445940880831027836116702985274075241346959517357534495082360634351924909099186396578507362141438505677176218768221156
718 1920491735063366051089390044370095332732629912634092044880664831551601283922080717314993036888512739496443209696525451380332005560630197039783135881725683993998046668091616639070846882243801707863321853157905555710
719 1917820675626560256859780322472501319752473264633210136612402432620375134709393539683122392887276977689076805824525706125398840122103175354514294680441956402685204664873845592139576500899621549925404587180840991698
720 7660628143197204581567678065876269160566823762618211601246207494744720676978077527956472224921956371991367910972053491097889294556457401540166864458788534832237752159797548280583581882550128039094403466341412879456
721 7650003138837707765227084892414582240787951607607645427041982519023854212793641914186768379949803866621060878711977712644448077935046785464054246187172075747742924571674313346731514586154972527033205406890457099940
722 30557630266493004425089906966376253715280405036482616913558279203413844251657705374674016631267637605727340136983973530213649186348526485951532549522395241375526780996247455341262795423221791188005333989571674022322
723 30515365217715005802095315117183478813876144448603664469694436493588928837754997621735325045332274344861880462248054942277438806036894784617333955100274406657343366018400720854509985783287745590013513989129733545952
724 121892867692861597761960844363114117030013549372046681831983854060026494749706426964169281810912896968702428599745228210168074500851687989324140736903242073838731860245830011547356748835937662565469814223404530298456
725 121724739599492133489185725957096028592730772062567996753594910813047147860396487064908358663587499869435252823201896404229452451115447885673558322779609745966844659115634315664962390426923417665531435274906249567344
726 486228298675657282532560062363055761596307491709982356178271682311069874373484590204179394110748966420609136647484628422115809822797029810975227781268739907434549743471139522414048680324020174682751448306948796665124
727 485559483959459679668003583597769577605115872051509203006086989488083533418362878250666079951036794527320815938494497348370580616554056215204015317827879316786588048741870034486353520029694554285377812840239774822170
728 1939570026585314214937574754261420235818237576821138409810028798669432575797526442243045275408811811106385896685053131337146950658201765140717951898701090433720488996315903752374685858443660413248184544015011132019040
729 1936909436699737652228469713446246819856895687140999673994102833239159005734704046574673471190144030844237219134625512056325992363428251678756209270752057025298316436773303245856878138362445732337563648326412416707870
730 7737024544406075334107147512889391406442065511922130204612060084555325562633420547687325810945835608139446206947563501102752406882493371222619028839720183257435380884381840178812006673738859200754098545978773012343648
731 7726440379502647050476357981408010570044743944874357112676886267750188318361692202204853409015677146295206198353718184892266202095426514220592484510224202753572629525260509221812946846765262729750362132637126442514912
732 30863540532330245868296271499504129654113157506574617756102753342761681206133316938862010065521639311157353721498058330495234564907040827562199446060762784227441446759991529809112088030223264623184255959973942831105152
733 30821434747156534755242661306462514197559114999744365890132626803412756675156327420527955481530477456708298668466946756650731752970023366413386663994400503207975946428187897632443460545622958010627638302633937575615116
734 123117774766570790057726816008921105759187091524864415245052945214722346827736174382817391651018201502818435553468257957895090126536733006421096509994100329245300297517684141981535397185880645300427394137020570789906262
735 122950267590017632520233310136800124662916088679252354816148111275654697376269866662568660505914775378324805028496718218367272788718514980032720678759348818338358875474982905962523035033228039798506442946396289641726160
736 491132862384037825556366755166022237104583289017665656466678596671772840062817130418412855825257390777547454870083666390203645795070843850644387329258836731173467101440073382409308232575914290711908722967605852195419912
737 490466467726800325114634914249921799876490231637723097909736020556885767009814664841182987635535196217469371484098170369063476253503981060103390495693797966924208819144895065716820767000089622182687846338074060834730260
738 1959207516068573656419977950147384100319638486271013133655693480490107372825113322427923370663357396272492828097999810366367656650418902751681484741934718558028808356135427793025436601656001783171605081371086892308795152
739 1956556355695003191390992864964505366760342629050078068522194571856155942009382451896897763937155288835046965000164284503381769953084893322306894697300834108920930444978552982047615184189802714742305504808069390456368438
740 7815649442478958694259155282209564681275098393881122662907577235684860762945587199739499716484095991616755173706608827833455293522537530799799272758451303454124851274403984168106184676770346000680758102483201075761800864
741 7805102007333912866061774505850307508965685305630270945413774837256136254493568863437557071792484526041024060108617577587039827235248238408554899764436467004402029135685917267244054054643690639107063831110773830001004496
742 31178332007732773227772371476199880669237589280172672617528879538581115712020132225375901833952727944994063765723385869511464768700799777500244319586186604264212022475249248476319361214683215469143539521809653631394964152
743 31136369245945784300144144865868521475873877854492763233117669741086390118868018992232731037406358190020989655668832436026899122375875879734800434590693220059059329180923836419557203146514437818456285718506880851623284522
744 124378077149127514704339245351291997078356404547785607968851766761436493861929774791553328821467334060137609215937351653616916414788358100935854860307225364829327066254120313720337559102589275337983441026957559435701163368
745 124211126710001169047017984619276840035298208031614083662853308014105706621846647577068022339827780591600511753889624160901938512350473979291042807521530536933589699766047841394530785233736396182997502605868321323705750800
746 496178495436733892439830555181561639819287747901085749752416699573773466130164892466035799695290598073685690384196138418667372665693408958895718251129252803622994988852086722512718347640083792432524057394608344208224152428
747 495514267196524074645399724451733578721805434985555514478317078824678722534274444149481534903195162199423728281915769744963556582067486557278858857316018240641584789932488909874265602792325714244991526830505666252020911220
748 1979407259870606865027345423344625579172131871305935664787715817550989335471139089730816612688164631887537566987169516737469617046555335672790142731969474843756287612263838026148167786414802177433012061537343750314953240384
749 1976764526546347042777642692472336359440259866137302906890802979343311112059295112307945028425563611017193725108630600798332586204562950378036355494868683578435766650482363510577815919923971358651550238950706660121661490540
750 7896515362043807653549090008862826310510691411929812678726460968150080122306197541966137740217318104810016533900712316046875681648109442443723352077790987826059801121967312242037108170051259012667209891015895095304283401816
751 7886000694451206045488438757186577540456749079823381503388609488831637938388346413414917849750983460196421305493285326220778200091705192187212944157958157125157865359314462154049449395595496922200976290207399191778377765874
752 31502055965600296490222433545995317728101162547592337814068328330385957934732171045077677155122279673444214895880296587837662738045086917993057008300442016935504631902165029214882718311348754264522007898677790470369945688040
753 31460220565911584277088008003437555021954945864262201907276736924900717618749791003849154343495291254223173441835098432891391385226404246122692807769601490712832528114857411559158124145404100187666047866413360188051120974748
754 125673984541811262390701697753785034119533550322490387459837575089921699559249828254102987907967927397506894438736902265308063904735776550825375476107264458194890479389411038839892378831320043733512738804042971552542852994928
755 125507528933146611712038516697157504273017611845242055820817922672584054924072013912044573354447440076450593916301081430289895168611827270624570512585463862272711139281486857275573761121147366676829742167252962233628520219496
756 501366054732940168479307302150020718127662946789194455792156251946036833162298256632770650172528133638731208501626827481246431313419854784772179486737856757937623449416278461250309534141870893945820967218398382380945063876280
757 500703748187718318851197252873732711894997606040463683723738608284285133250591125514365404927914490133263928173354380342768141887989059917154825558795377627560881955918217052803477854359183572085426320227910746041791213921956
758 2000172756612679511189215411215913788414317613575889227329129954993160136520831039653691881427077936838421074550024135871498114728636223151910212770400807649217087872993053588466772588133202037079521891122135742253719001161450
759 1997537482888552133704117630700477801868317195112679887108669968227688252282990682552698874995685212283956751658652257810147475147339754188596589976327296350810942328122251887038283305649656805036566670251148382992880992092696
760 7979636576381110892007501482640329745358172374160652812186739504656923070962052252934202348009079348018543023731145680706572380529308238363928297557884778037791850448023940592689943218138809213094693212452363270577593218493120
761 7969150851576405095828779404476544817966111700870034345942078874558819361276162565348217850836925498678177001360930689502769690600950714476451047527108559559812617937032122133450359752954574803020609186071557103887221002657976
762 31834770593436452902497118775887929692767511833921764500062582800731031674179316074698130102293439918604161144544196777030453395668235577094920612367774472655542041783801817711799120928043424969810841058929348596921801770239772
763 31793047434074150867238275894137093611911984295476257600324623976614739365300968347208355357729490456063395533607697272406855751231053702314963287906315144561034874181291978734237083994749312844556594329913198407068675843007000
764 127005733990568466553417824645165457727166722604441803921715644472026419558767742664502487633233514230242779016453798332313184360441071949247765694494142789443843000475091770219037142891490236832488500292980911817011058965177484
765 126839713423260533917400285005106417913144282444174559733582682845265600709671314242718824250706411597262069501399597484164344774845981567928454842732122717772971313280262524029260241462437637280871409629984224072688917832755072
766 506696505320074717737917587618310233438931467727381400502301578990225506751428487705900263978017780009950303752327399481130539436381605401280837977241772617063640961786614165188340005572826840485145505132580365072511246772126854
767 506035884061508779383630863253749203147616042084972819797604966762076581710031579638487095446103806372388438949521210301881219049581099866833209672438455390874985324648256162174141227389699623476291720728069253182766592212874568
768 2021507932683214759308567042268883535490737001454032045753974007846420511310386570743331261495633434831364232678556136208564813071085972227193212784707013607458208224088422804088337264977274969958316829837528439901052541149906452
769 2018879183746045429322470076024060539995950607433935775213331648928544801932869813174094159725157968726251925483915569838974746481293646802918448992251210844219057185982899747139486717336278861931421325349436240248235171461399296
770 8065029050912773689085607732272740546789018270736086291631439158576888065903256552368199526382579106236299899725356326790517809045996989771243310892717317813371897188281474699724506018261403410461641618364148526480656717868503184
771 8054568572247517173276158176199753853472819803458866983860192155777177445843719254634907438799722323997342312306775995881564617608896572718258299740810278584178986224015292437539599429185745117822336352861211353980206748691988992
772 32176540773071687775108383180570001145220435587910810593555482653389657050494857747790226089712880372030833796831732291330013039227660465517187819915950930759363162536425220605034026547330808499209600177454855834308640614027404416
773 32134915235202254802566198984993584584877330237861766854107157320073499667505860519138492291407947797164040997612027388484793377368482574725884342044836867046922742065114616415011959340369437409061071134669422380354832535137201716
774 128373589027448800839192102405168169943721841208615740455942287381999045183369665019607517009087047272391750341881639535414768338474395115354980861436105987691648573756378941770196501699870459010365284309220443767973089425167850732
775 128207945686768221741335080337548598111536393671572365306966877978925498028294349322808023438752741404943502922085662819606427255255933059422495981422755603753658217374625024458344488103888573317612920491336237809163754693412518248
776 512170917047656555925436532276289502765158273687982387179893455843645675113031550129774320438316363859954715281527777540221679940212706031796880341119024810453825774882067349283220612031354371058406476556890013901819304068408999296
777 511511752418251592532997103019820661706258456089928355793561546634065693549179514672721843835435647818950912559157728109111871932166528293706225923308291341779507320154269162431706297543362245432982255993772478916513106376384959120
778 2043417129197848264257782771446789995608035066230716362219009366245085058548650297689999345296316186916837321637355038848308349935471599909727806393621865358736527699665351770731183275513950508241399584101395655936008715925968294428
779 2040794000662292618218940945039284488553339257416556264193054283618326284404171927603105892991699606445827260890708881852528495462353748314299037444983529507760413216232798848887640118724976646342836086231534870347771855196532558448
780 8152710392389363844064384595823603161964365546294858101571227112506031669491538110783689695592482017545125314019806254325906651833257627350274829599692258301269368906620648994204320038099725544569004487111848859850656179455022344832
781 8142271582667994620192343130271972428082208868258629089917486744884385022027400417940176648607088314577717983272021608005734688682066939497254546323391393016877653753881435612207281190713223085792928610368069982094062761741875398316
782 32527437882678791807520306827326907756174962281892528487087248837619972901296162283433646867325503701714566470258050522318889975167865036011688408609536162193008205814197926278666371078312654311585763733779963234378299779063405437664
783 32485895816417388497421302604048073902080230529297518872161211482782654928242144196226196488184602675275595120998461690178691146159357750944346363619763361160193023221864269611864390753596579784574391427957023164118500412674013075944
784 129777838899259261191228979280457356455759288287958965698480758117442953106191831151250570664533387218065260100723446458834916142918488717220825352670744874029740324678133630618757862884680590520149359349374053410358912588730797893448
785 129612516811489504170603209880100085937981250978037998863196069253599076732808147289911397963049905196131419005053735049222497668498227357907888931028151397629176001666882062942856287591277453573857030115782106264034003416772742867248
786 517790461562438986126837250666048689370561231642543659580706943328627354886790817417712200513965270121949943607975481011110012533891103384882493352038073354670814935285871303618717623526121300168027454529026284602769525808361420601780
787 517132532132245289829344446027337064606430912415551863316944926882212326481597944714513074465027576004895369346720111886351515475329649178946342113632014470845759396739529450623340207162147068259560030064342579395468938304506679378150
788 2065905090294807325358853193012762791092696081578879778834698768813711172289429352742750201035414732567779978050095066317997747539905688234386829995254621942416375119153116876321991310412592401602949405144472557854975107508908359093176
789 2063286706149946986543442732692087553081171751944432529431866450982515087153447819976282837029032711360469737266761612443896794317284836014351185011043829599793754079034746747245237082671167329640448076907164045797194915761216612517524
790 8242699803302826189279880081488896604460984872324846915046798125697237487413014328917909662865350932979294292169493226523586824753882070744354194961960059860371023227414417238236968076558222193737094381834857282834560343575406512860824
791 8232279196724693665652471889224056027211350251753007664838142249432133520930823413204991951534294863531785702672439505528366982130658587182417623128766531247648296237350385388431226154975671154898078253604747839315997265362239045139040
792 32887539619238548937025784163516304633960495197659742741853386461115240480082228888106811281129430490169911569767169944006494632376054995831646853320209024006597357192541155066881668120555653553167614092000459818532886611062417931279360
793 32846067312026394398643658332288667427612499617334825033477783199499710542528531247642616058832924272653934379893566955222891716849185081771966405522594331484942256361887287981079948996649462211976695579168735232018889657448235160404816
794 131218797876256578126571390717908882972779406531720484894447768650898087960831865387307781031005082862541914172572285116233997179605136842679681781886707435467821235873500524659720425421855222781480135649658560851361645928933836529304628
795 131053742784588330858487653119521576201744463881995050322253494728066769611195598889965255520274258858941232519525024379832720158296371169032298664550527320088422795886284255808858448505278671454984389861855288463442708097379458720757792
796 523556409616822728806521026281505794373803260232090778925585569391020511763319101093077277078482591923910954035288413980544739413196215408211921540541997294551977131817753502652774923294842388241264012723613809179010869113457103789849148
797 522899500696349927390201677440500140930423331423769460507862124510981590167631122296222725915272450654244817330099846333586010167355659118598130179762455304743974088732278431498045662320562580358293994364482951849254293290266347340900556
798 2088976952656595950526269357995381515396227544585184260775769991154147004328832102606964975210386682563574533393932719439553039288938966873331827818401269985825663450491069448119457046523277080233014248189956963753522442831194597162413512
799 2086362463354147144580679534017915455927646533891085156569542494294129298441061349036743492137532631646724002063026670978062829053228837634656869853670472480004742671938052114663040765304071972693668653359163517516173575731377022806884640
800 8335018041099817842599814738401572246430947902894885200495322264705046547272040089401790251089442863428662388241791550560588814415257842087524094030417302400531079215429047589117176070410687713215454805016660394340475239200880447573282384
801 8324612275755123937677717591412306862852382424863805443690708878606788062194297217879440949902065281826379413974323645999861175598151516954261368354969825276024213135721314084932965991621862443900435097458778818799875739361364216970056400
802 33256929839799771940547889230529964075534954226014504540629714771890460038990683648485946139010245839116857409443557308963490905701560196384994092959263521113516261725329807056750164409885974243079229992272864232527479619727820684675998128
803 33215513986948215562041602942571645315789580684014486477689951739795951371445240704963547700480967824373249865969779528995710095412798829790103890671635517041569900769683758697200888099187118429534072309518737743370813249531221262591665904
804 132696804634424960678206005785497667604870812384396182296442941527642532095873275055152879619334413746127958419769815730279290828331166014483131061598638467953783946532756416767418913335837043645563484124143856098083019830330409932467662400
805 132531963883326296130779662921167856837659792741682646666261024830092665596375295831481882253347662921598606918627244530601516554616037069920265461909681094083878908412700910478769257856632328449080058145960151452976889609102907070276163088
806 529470128665397857991452251372407567018938626089600647971911290264141914665419916349096353419081234004401382478883036462230200130134410215707819033157812925489736639493214292610772065943773298460035348126220726244502866657495110583952084456
807 528814031851686088650694565806890333354726806230753559188798636868523399281695728100832293501585470393491343591052945958533932225357669597451369005389309941697758406019444812683903246830068511467156003742764713078474373123824890144972117112
808 2112638236159953829411438191119606430778537290238703575571091583925239520892715111769166637899898389146274823158315482121520852996910826730207319128896956289343608456733731810856235895734627606874760776708611428835689432896062141480715619536
809 2110026816832191216519705881859878857934558875788470320224279356998261474513366885425817853427834237861792406813249579176943798792898093276357254820020633488010334166076128216275090285776791582608918472349551260948470743507532724462964094696
810 8429687381813544168713294115677244425032385829693197476846627159563424853734883013874008115669718016939210158577377331131694771469033346811309958038383785613802463877861810109449215930564240802389811922205630602552154102252054827783625757160
811 8419293192686770378123018783845336602066871173922922264174806410907982899537922615583164702456808376967645164547072303596288696539849851840064212820698853227128780963529409257541543976293091937512281352063067670073059588150895063331876461694
812 33635698420044191018018562727579152631902623261337388947023487681016621337562833700679539771884096520791922307624017922249416004393436553594712173912999104222614367754224721596411244930571921676407343535985569951041914020778452410455008522960
813 33594326097264308864244862158418538668025744265935989944628624842540586132965585442745124593812898370089841222374787887904502498862574316567242689287019778436415460319759635620961697784340500627275775205465496980845027981436182480622434542628
814 134212221705532595118580210981790034088967715421159507739474555267741997671258088279861357713856935503110766161133673478459180164969885505867505139085263765350291479268107807291770760484049587072208253682165799376029335206951725561576291148936
815 134047544132887769848496063483652868402968982028004710797462930046554584177182924981358460342428890183475047429647619891368640645768210647210641994553850698742604983782524680399827085443410013473843861166340687771238380580576042785409722561496
816 535533080726978100130021037937142587002057452709920780882021019548735226001980803234348750877840909311432174780209853977772585246535731566796133354845080942329314542881244436073810433762878938959439840201748891151412764842677298466923656809792
817 534877593480066254230229090522286843321516378716395786046180112548063579458526726363804872357794592408970201494065166274004612613469237099028999880349514416035363827577760658633336962724010580079115607463257606300455428229356251367511481904436
818 2136894835565839265066489813969233990189138784407312260145374826170014398130153229531680101302289398523856501812475505358738870577940155668489823275792516691544285816491504150186203535174346439218853823816107867739324902228889256592617249617928
819 2134285684362462171946750510167073753326880983693750218313695491827926468462106644391836780055278056156916506083766744057932935312353439364623652758220040429308387061906254643378819976483959368446021078551562012189485781538833240470507214072400
820 8526731587770031799143359355252845873047392808025275262433739550278398915465684593936167428611086478012266431622463236016818219886762229698662065972147540890943401918083346895770877282941717025355869975466437729387697148004381621405063326197568
821 8516345800208801553346595214747056779413961148088581869909459721349923399125287901373516798369172852582288031583946228421179410576455380461031773977988858034609349517778912703599245769461956519846771279853475553665716635583611349421246594255076
822 34023941128814725427238708862809409323108818017424456035015408424468550416943364316436288522925016603260625177276982255638878920657943785185912361394379162961041035419170397141640187060229251880464298304599729198837978386424677251988251880427504
823 33982599766568291982005125984482787926604433062360756817475900030271140270628730823949731671742847688797368038543960405996540928715770922763096410381185188074917501599496900751664548125046251775427456723011924323497221666168383561967647406480762
824 135765434989736428646554459637035604192210914613217975052343037499578390498676919748109850319632833242137057746221744728811436060956090438972932783519162819756390375898630128366490590787114489571640921442909986708907279790686807563027841035544552
825 135600870826112505702740454231414954975008234716717104779552318666245568207163371966596989895002975262449618888347536553382560893736142882104379858151347441385004139789396606250343910174406600524778481091921524571053307636333259669399929957091120
826 541746820491732770967365010851899941183446942572840733380778028569746216808279815362917756239116002864508162628991368796806866952930112347336101686669859086251559527859600540068929634954065162668460426261122791220991922255324178541875613680685732
827 541091745739022090470427447356311186720105410598750236726145890687557890064859888137569609012708365617997270050238053961502359068112782963657138490809487976506062468031650772790711934353819883166661124702081039288768337243174455555006023033299470
828 2161753013169909511203108690645745659021870408527374134166776094679277174317097234250096940355119895488327257640323046503200297228138995917497762137895531791821985099506333432268025881921108514466454455653933797285215016030262459290494889279798520
829 2159145349704083323614202648799369608769733049771611318564644881054814837556762979444005146699685492719342544422421571175693370081202757592011838513386955640870994745776478596371140022729114805205446321489124340129367502533680457148323189619004396
830 8626175879058723254343007208938204364675222642220076063084774006720200001612320529923278393320671197418481779885240879540481084101725722080640870307892256746772670617824364401882853916163300985545227257897133846745862629037952709124891084119040008
831 8615795402669964261257155214703621687942761483805852144837981258216324911357672731451649899465893013065390947418471636604812533320419186732985868243551317575364883967794989936335639529764954792315523303716290212696149312344357337089293300153152392
832 34421759517397789909157192227974565493655936505012803520963280892200798083356855960751543588731524489698749410118990048166342584119472820918373026120052206742667151898531311247907377561984845885103674407400665841953223409978110997267467111227197616
833 34380436876920721733996139176080238284179758910168850575559963628224566633076715677485335253090790366661896169530611908852817359852429023649994028861422064370363594607418021731412726604416541147953229301598733790489705156783211233403024011160294048
834 137356853326018998582344287451677882449504744231034304697560909843218532399774120668322706310909488611171988053808152134649385829123440680346598042622177495516575406925762422742403289354387082199229055728605813309474954457365281597138892258405932068
835 137192354100478856069072018843951322111241864297823485170977004561969168887918103757342679117722770660739446750749699257841422087459034139882371382235039902373714367942415387316248149755587922281413365756971736702532777574335649712371123569275003816
836 548112993655023180945814046577508870635822759275993349845769372293034717805797208791297306522959394745059512138162674068409510106500581421557040362950130023308314322026390848158178669454583333631588740814076798950417388129981421964941537531145082552
837 547458139421265686105974364323533352271861202813298017289203339590175656016304022161917023002621330952054662063923531088638410719370578288180550079647590530380174419269580320289583852711019583480683870471958336175795649484305159024681053599671580156
838 2187219392341763146876852233598078357286624471382961529694812387766000114967286236513243667079685221989831752494052484588020764250949069440641542148189360318410398000338258097127699732333397808666757771470725472346017346023549610045567052055670837730
839 2184612456236469031087964447860774330639083798592278619647500334860438732231925943025146833149912057243717531096562553140359236100658755791213923321406594869741148934100917252139541454987669417973399952952123594563122235316842914602363483164260256138
840 8728046908487607224203819865500903159077101461994865532782156099751943315917075553324277109584648647749900040904838009927435236977971467381157366635340040577477946380943029830548365203573721697032872414000650102809237250152119491100258426220613804128
841 8717668731426385336897988926302923488257747001279057131435209421868766213282215772642559776517366069096214071771776371390066107436160266867198485929417993320869555080669058618525922857239736702400392677892184046794100144736414769804437395361789459916
842 34829260822468361369744459320763699067101022461167159370722143105898491141901869191412792266276032608598175935202203935102354383409279850440584595345192794460647911598173249449065264693108557190982378594170845764091882196010585222196361409724917941628
843 34787944973331388224584620104487585545075991592292702479416422888691019622160585835313844707241304218789637173713233349176966056245840021045380434954403475126222044236506048078891644068678900582074220647974604919446568405617797046787194788336227871152
844 138986908116200759589217226294232391537910241290534351612076040261452746642091819237770479091016205954690351362276093428228352550345632160692483260538422896841873755585385282532782363420265124911590517505055079565685030356955502389059703725462410621924
845 138822426568134249814555430760156376873368335679539636403067666249309015580976917676542348346529796243501368697942038879792579339243754498183458966468933157545113293686961955941875524221322955109467081509128764745903261699187893977739887295910861718768
846 554633335461340147013235645353816257484615809216127625345589493998421362486645368494932786538145048821553931677357082049289501404616279183426663589977960858298255751488311588425820415153676911958607908838737864532781675289226987686440291020936675024372
847 553978514522188623817234186504520134394315200232401382576586436744586154266472233467193786790166129047266382761563272035063657811858193865242138496652885563757358834311607333038417086030781095950411730218263180796511988389209874002603133917419102444460
848 2213300951888178133835836584760983744490495163192660240765890150578606003130669725220344987789012789165257670750207978366504331025823732059054360150439502260902847401936385550803409285979987987438077046004745700209830354478161109041390538456627790206416
849 2210694001414811610709999321410264093436913896804918591483480385972506349416734896333159658003631148659762667604448016083387129171467091655406790608551208822155396620315360642738863242997471977356006513699327203525671380303110917289863444883500048391644
850 8832372739770235564671950230010890425072658345352357101973999283250154779552037303467541410094507506880651787276124073669626695003468436709455206198194527546483638417623013156271642734078390948855171337470223125717691656649422030461515713656822581207488
851 8821993923389777003491372145134261881682443705698594050150293056125301483688873922382385662256558614393130457326328393207030188797064915701247310113560405593466189098226677529185227203159982858190340502841248679382291820264024226932155833004983677609352
852 35246557881712207652446749744174914841839246918072786557173236576350382923094984544354038490987471271589455489130072594456256763894954024565254427641092144541199106989602100570116902078687587895308500093036996685592991431536403226356422464296215880596928
853 35205237180795780679817855547522892667347055538332959140341849429133090563278929462824901282908939652279268554207294080277527271588756123150112360640749848347196843716721700245423814067475476728346915676051126031204362668439318251438521049881545592806916
854 140656052998682908289857755419377177729494324937695616612232307086887710775067572982621268357476934535804290757558884545558457905160912885191200505800398425735973177624132407095272980672759103248181896677271246953707360912920226036206225006905980729848232
855 140491542995175676818173711260991941264313629820809422908592269300821175440827727868021711318462341629914461177725482341411605907205656014255185233340629804164486117849654389944784333124627597684094379695084726182683792364365609758856602496321350445614288
856 561309669443342073268871603402561260658823147181271292461899019870103294401437884706348426062080850904564786481099473840686556312309008168554833192663034434904571786103886721721376586665333179433166095715456503718259061993844129925859348811755080779286200
857 560654699000584381234718894413760139001111568246403998071628425914595589273781597793038801294213778733147558025462251584163001403317787128066200114381509836922453352445528313826772712243763484700675268549294945243730620418739574674017427408148581389298456
858 2240005021181821980038014417308123259319126405534583805815317300740365594441169367406220292350308663749685115281217480688240989291328332310106458533670189758789874060491246906932055186538673768709032107109808780936589125019308044156597147009148059741575280
859 2237397331983705772843558055937566654826321834631749598823681308539270873143798972333570443348736709542758822946780673376613234936639550960431820712572544494726624088688324865888448029769058469795011432580888326304433721531361189735194110774311218862066478
860 8939182828716294227314494744420324448817723050924060025067638344349924093165224731323427957379371318591766646098998132234933808424495542783912268404625205893050888456011071296009911634252284282483247537002487260654363640096487101766304627410815685267026416
861 8928800502550537788026092311499975639934078773280710361856177672637554843347378941856153360448617112646828473455445288875775929433558068641165779289662326229826574179713222401689112235981191614293592747686820370975737126466338257910514973461060670055351840
862 35673769061234399236614689003255123090409474820393000564075030051698072947202288950989086048010484148440460861462359135601127959367423814139694400919668074134349059027616254185060861799868792076672714321349165200473417495284579289924930719727309206146392086
863 35632432133005854162180604774977886563074122010635882371069149367976522457112830910489678068812325997631143989085230098364046698689656996987456481892928217306515320364927389289421587162393904529388919037533869243022175050668630581367911771126458159953930082
864 142364763568444685842416027411138500481171144885086881880706832891498791113372097572928667469375172851646653993428488772630427319314567861547665549690627156109563912862818399448186409727822871607504808594639136219190541841293802297029174715292697099660336544
865 142200180026747061928147338362108282561539733156896029994139541755208041065842187633537998489641791148927987341412964508153397923556873934798496850282529718083342064623964563961946033392582379694162483835337503551624710178521993775785353361282690879722255216
866 568143906342430524562805762971009997301301936169584600207532118329122196406251696549701472025589604359458240417192675748511266530633908974544763996367413554320448283171372849782147584456927102063186102231769828512667423035179639367560341135572012525722470928
867 567488607719198194084647970856856583232903664040207916700949036301060925130119918352989013580346709775421956402870654207855544193202749497581083162603867156364894513954922021110703285303239121167896990039111126538134365276041390944009318941214701628730252832
868 2267339276002510757011012860520251878631002196879540386081671956096865539575179581622310943659726255185672056227137590775164777951695274162116508577953301757165603126325636588063762865617589640849612864484602424822617551851449683337029602100999569445607831160
869 2264730139896639053032864399230815455295408408390611110608620549933347857711456705233792749248150045455884171237232944525711193627188878317159029238101508973847473158107790063559646837920989798581367981911473723855697091367698278791844080512279730871287000092
870 9048508007219215342922111093938292554720505319041108299397201185710709371729912077462831719984562710350176297954737603645255297756548582138685806559939487870099305029991545116464303942870240257116736749596125862809543529068123982324667503074351786274618651296
871 9038119364271776519336666649513564319870079939799958921326710713626081691624596449360118939594224521245296646636764311333377851949607969036101935283169741897926310789417541057328739849154260091697858903701817065582552341669482453594087269543411701581905767720
872 36111018193948244717166223173056488635811190952136533121447546016368427309197355538498456864158575954149786143213861078767761968110793136447480360868780274403853697416686519514400667311082973454857246195561971506717607872234645834145335636029647510552229883376
873 36069653911939140198589858656248863792013010893772115557734547681870868973218893504662834347704786061876991428273180825527478162877931459475119292699385315890464223127526589974469548139440704807237569765946961486017481746569597488941566129674760773854565552960
874 144113537140150432006265201862266627416143517209441907926326133301021824318627432629613978881218664677430725477723051993983928769759830158132681961565537254124795631436341780458331147665258112155858161566805083187308428097811484369889778333347686535770736158868
875 143948835954847402941115184488709751270525067475488260031553189148677799376549001278037277191068700489227947505748511363133661422593984750270990365835718312102286933898654688199923792614644307014744413350844025967702195128713244258938839699612504131938463872648
876 575138043198591221796693088710598321286344447676037568619219363036954677874339616978459440831895492822257781130273732615260062761506457111175983115329984208206786413325766137679159619588598047800475692602873623814536295518664745317806698193845240425578222537472
877 574482241552982793949718524185272667556257395854286100468000184743868070487937861428883090272224004232950759715073876591753494845015902652164727799800472169165341241328724525313264850799606698462491957500517777085329301863196841383293957529499741727693636665756
878 2295311735043124876054228454261886694518622943800496173623854952256821402359551273226106925597906385933019664100773529708281617216762193747923980613790615623569815869518593497245473251357070140947262497746483875096049724182254941955103721313778283154357303180270
879 2292700458894042822725384053290030168131229743636900614837024628079054825109995469729831491097795002103744328874265254930456495922998619458241029717519973116532442633198140653941805961513234892782018223950528588052957665257803920967793003724762454931911655791272
880 9160380469853925641707329922008802353578867930258343820189748400370405414871300081329644912158917303859960295820359814017596635983256801396525272955927765652105262290951115284955587752946654277177545329386127048764127177419985010530642954764953513699129624490048
881 9149982762169641957664529320508224825368222223186540932766150502072595647090515404733357006469747136659211192192867918655488126748312311027440931313053604401507455503206200385012182050420069458371949089270448862725698937280792370363655859312077611717363348120176
882 36558434528215213445362586536815174925847636184250986674680175021886425238488635245215816429477765203613446985586923520795850520023875581052421089995502628688391607969074022653035098177195835151564326828560363697340371100022773846315066153748641676799034381140452
883 36517031997605683192310080776297830446882916324472672986486879240434685232556032034292582209285831154685232436339373211032774811620671103126502652261835676003298157636804813314589954185368431224578424224902674736404714671548711566434341164457261046083792116393542
884 145902892551519539632623535409370969613563869296422489805737169091872520635054191340635068284160130812611132313518853146343620627425590150563206432857995973787496994167470448273068390868114476662413120578302811990037751834650705388309556919173363236185752785817216
885 145738030526037596649987802600998799026429898822641221455674189239791308747330966265673898715477463998133605610339735798155661734061254617223511150043845884343106319517734012008130367860996329689725291853241853375025349708958849689342439704737794043611396403311600
886 582294162598389494515752619873065178954358737959537160217930733531446086868568420519735441820304991595251652212869824746581312120289914287450749107077363540568389245185639902709986852618813761748948501610810984606128388656856661537255243566876275256356927738949034
887 581637686654084658558012199783016627456101287296674096903141634621038594098705321962216010657035200172934570305076284921613351227256867356224610452260670158483197712618690419964517331150941596776599749097435161979623234362615780169768175841546994429618731702827450
888 2323930757036815730364670365799710579070098386631305963752642477066942490835818110722908114652208209699968305678390381646265957380976813972190525180238194881797723518755079631328158871395664627546856158720981472882164924935427711320600511770717257886272859470270992
889 2321316661697066781286644864825807642535711324329133516099377412413323882859624839507246800687470067731801862139944498202344398373799061169724317080563394513271524729326337019160975805313319218631468964901799724076156620380833282961485982302830631531326401832715540
890 9274833762915471319387987796989406715569651089117302003650995593867168233088568459873898453083869169499199350302969253491614247884527586937505852235218819724347784200057582747535411099383930705312810358541364037704226080333087934239779094256249345482674417779452448
891 9264424297412760352699561323592112207471368652429179330246224555041279155385887687191660632148870438669233918933381184744710079256149788461885153241844479112450664351834404534384606726364988723023891352302863065190734428309148590573153166106500821782446359180980484
892 37016152686075199436122462508163999896219683718898649252239399455344303710532851700842016247733827627149270949639653074473258657476365502004304663739525068259782667882367047276777905475663366522829383120566338892254173890949177283170875191076777767786605410381307212
893 36974701227300199212789738585982405271475876682259345053748649847891510537284774599273324180267160406962093714533673619742605512283222671980020925144382669156522024356033390549323314507028726277507295136352966713616183391150025317667860925165666046786783233979301100
894 147733370004380661731638642314462138288268267907192819387013621092470330692596437213203930617353799746832884505944387214452558042366523207753911512773132179965325072709192894701190426841303040549663067974878141486665767229207502832561972747268789405850875364669712824
895 147568304786498672165458040479473912435432213976570257577642656152702207418079569685591412259122119523652065640574616949408476971928124451745960608509200999136420861452236057030371932311850961187995595784416533073786077730423191422980958180691518914308383669661025816
896 589614432071054962446807795665755141204070676379599913089241862752984266246344709234840687374617397203877672983545902543395477186944962348313909904095792551598431441968235979698763621645632502838418988394441066000415886242339626873309078101870531816909191707067980680
897 588957113863617888910077798123206919196039382425999467255251626562624194600585127619194265203631201666303673348112741002098492262544799930045193955923009561770776682273138332406613752725099897765961390335624741464022914188348266117016404647705366411015825103066308144
898 2353205038466214905801068084260653035718696329782278495002052156020819165063362403004085772328094378149997305092459370507271035899789246773585305684928217601649401461030165973226778892362835553666475827295569020503829360304128813454882749576961423650683765470817604928
899 2350587457778265834715638642565146191407552062452153602349102153622575762210121732922879892714826197529140800859875989672446485248065341656287158969801733378902721619572881353364767598115356801125803038523742773767065754361519740773474513453913399227984598802701968664
900 9391902775745159935152707287404739671446174685086604837830412604918647156563997501767417882447238895905322577657904509846797289946714412781515023153149550475366020551113576401405723451296685390868174428986386748314436166162055059052305815245875409402923353077290865008
901 9381478910289282954092604393634035187904059063904488739231266752970901710219309380233824743842968930427070277349738134142194851223133150495015120594236440877396433900093320029633412078604687077523182826338933423381097061802469464840637458801634388039769910490519255616
902 37484312630468487546064020215806056338366107390589553676485017048455797964113515528118297535266141934877118935220017999388547942137662838357809633022708710994154335787109312877970845487622809844030093515786941202936652350625837762077806970755280746099541820467212471696
903 37442801763768079475691856295301287726695713030245600682380382478080985341783378744587712488161749751117565093652775454538726737329093991565929672892168474996829178046441113385159270437833050826540114554835983252072863691775068973599335955707103736476977013896162580440
904 149605530941073344099777638206447180607107207373060962018537545919058096299249517727268603437212654979022837520214408121453408158443238395094643326566618119997486634194488773457363981772405014837851095702374284976953399978272729365106012903995773298560967280261334625216
905 149440220962132931564860756838263261070524768469886309021831979569976264148642612182818582880928442100592978031241795515794343619041643643686340307719903349932096122766569393974801401685265380010579230524311673183935802622018301954362500596102176728417741825045646035344
906 597101103623533346870635695093281462555518390575042426775973251703437170218638251767994779281413863580735740036529028440591085983367273745478356613030320777408995382815812699233228071071883460620167636231822277957622975520572160151749881105630525188341343581259084794860
907 596442778261214125981031907116331868881256518038576007341821131249519378410238430101216394739758500996854002726676184969322518082613836813830817986710088342617627303654885563603948262514510116470007513228234020866425116837682027806582710500923313508186645542270434079710
908 2383143611819036177377955681737942753635681329784090038145514387856009146335181744941864625678242116317826345696455065053636669167095814985788420716633305619133783659132395400207237203073786960978590314486100028752788355726929862119540290393094007180062981204041075811140
909 2380521891674020736038706005520409263257644276616010731172857056296211556515231049952929681095537779556200574139033222297802085372632563212957324153777998357554182461672084515682204964465270091561139656919250313507607934322175518382587545419671047465734782739779718952280
910 9511623734205208127732675863815613276049224823929467053345613468893434307131186920471266286223489413699280535790686589312976244411969230698184821245026905514703796527806900765150100388557453325542301678120836252009335720682224981038565480304791690180747403555694474476832
911 9501182873904214485440982476478823360268709758261048318929207746095527134455960590152417475810510830369204486903978920169932362694722283032176542945265424838712412108276289021976396471581307146226947345738893645239913606529573641634608446530624726268720746552610910389394
912 37963059640906751737880416824878105619319274516560592186598720424092215874953421480828299651155155116080461787585635071380738519363561403021186442886208960628174259366105217094971685464452695082912326621389595337365749482257777725932798413357026973566041746090005516368376
913 37921479071749132075516911439527746248432835004494260760326432668972728234345586408012496475195510915515203888584993630995874621751991236987131788053173283803141324997326174365916745610561098839924420731514269926894025391230850328714691324378528480363171339783460377269748
914 151519957954078588993203239143495983916057673343996761812595330532919478678151073919104635806798693504881317944324285273957258335490450763511101440710655974190728565130080427104367977726122516222677206227546421539471244498670550728570020004092775790482665977812442739263128
915 151354362371615115125451104455907463715056517416844852783291947658020113127683149248154794674769405315258496831816827038685173900151116937133339114721517849671117069825393648944620715885195939023068348931235383390291892794472112187574026743956757184522428569727682207101536
916 604756513406235066985972753612032005673697438586956507845904507017853290444672845249177454704864654425596177297434046901296655539905117893725222722226481207116589579517748251436070494784814656748757534942070754974644207469505192381794400935704671334531772060678656351638136
917 604097018844178103990350100663709179059004202557963098349889343978575369735354772353594927491446045205939038608996278038808872927538809149299914023861238091380903462989030267325312780675110721759668416625911074255254005359978475029295767757141057952993039834235556032475740
918 2413755844357783535333991469754341251403515702595434253537466354807641019814031922650311758212008816792357727252503646891449832133128923704924455715556017680860750610891499244995103253229492505274259149398858530000992421837721429936078898583060115957545639863397568838432416
919 2411129341806795740409797790244271239160421561460945206471593159644629440902373563648515989160635575424792593708159246840425403588914419977836871207315583589972963985031298172523664069114587733856870241766966072217923494733842270301911690387471355997264393501647123043931098
920 9634034196175849067115670301019501168645336586880907151075626581362671548649049152143418234950539538327758233120862381940656286513966747653810293448703142500468093397917737668379895795043999222359607461499205713542106582571365392768207569401146284735430655853662049002659136
921 9623573789882498525240408986903301927419880195364206926155891916236327714177117502683979127203579126234025596602815842980894444726220855416425991919752535588209137469028286734198685253339810113603332494872669196079790631114215135742743989083355789536704361435137809664457740
922 38452544297101002784149313132051805098280736051758935266766058372467062146451736312242710525616036335191052383822964821628649820359433439653001753863121423811651326540258938692204974510858359640409314258816991512057812206566782895842148182788660949655431856485612531214288628
923 38410883902412919357514265122157924486039911852352912585003581602832753303389491744190443233605618094307855143970502237856571109828166447837609267857387151795192266994474765253291393794432175556480411738831494177564839725424070143574549832564874126309616095574559854655361624
924 153477254726957249207730158908016295673657310128665533835317341209587148480642860951895147639038898272927057566600751365981017897711678057822902535268758211821006462134240151088746629809077460686213065410509655513237281656995801295811724930911150140816812445740701381911256960
925 153311333370495673803181261438926548326983086009607517041981863002874081293096220021136342074023721085604974261123345148288065445930368135585355045329160393976053891614703603583947919880047126653541275826773920544399338666339185605073140398664269712511051195615650263942265360
926 612583081501980554073186465792687072148852503494112109131029042236105940371982736585533980209382038894965879877058722514757928887626740930550357147986621926890841945476541539786509096828484240623549234779497509942956129823558635237686346051418064152629093295137765207315173494
927 611922258328839258977098886002187949093675747826912419692915742298418663197902927808203307091572565282349951204052186676014932200585072385831514204657921745103990721655235526710471740622672417516705477276410949521837275818253527182163874096703090655699533876729064493305482220
928 2445051437374284452895563221224259606938954388946326780410917642718250434415758681371570972732274862141113813647225763140801043749751560783093630143865313280198963449322587929101109325903773222921356275786375446386209646707417567985263729844734498076041801614096768098614326256
929 2442419519788305675228291355539411103594563695309140206912089959572159745035332676332419658445157235809422625473224443697161860710193162978108993187159928773784281588694955148592496463105164127526814727918465042042099259698870475265054690752715010106955480184161501639644372896
930 9759173048960584827041215781918765226835912571794370977296049773946393131775587338979861775034628266954639221783335519116831692902234186695428265471781902268538141240578440712361846599280612796092894666491073791150432847442407446895568277143704276022665248682482679067579516016
931 9748690585964923618848905131240012525195916962157642329629781192019490453868202175350452686124816636163066032501076297291786760901265084453977463677214065868294726512986523450236000920406863477862130535923755205401117990377016848641184995563647781720576430565873370003134081404
932 38952922470100188365443479301220822579216303398149206046718138582704487607516292812237216526962250164239547108405588123513534224888745895393565033416831468740606999436327045482116382391042034224413095582139564289768183871822625451584876833247659067058127883140698793595603448816
933 38911172285244775516177194757489610550728397392363408398222192024738030493253145660241249521038389231587629051483395638922415753050708654347922909682685081772271770133292404425164916857019647846986181289694257408021035158239918704833870054436933253880025756012102758784498988788
934 155478046004853856773418940936778615177000405854711177882403876484285149679679592723790517358153392518506457837404745743531537034673709526795320526506278608479176199162780770274114209456202003187819227405426420289873073613576964701237376194490518952727035451526684401183467832562
935 155311759324634761739436674689787408101944790447379935980925369664515860749540897972214270815524351456989338631161532111720273358700796468477484811696022165961623792660371393919481785786503356541427055040770328919417169609258219568147115894054720190115610376907640711521945395072
936 620583311831339753104159362542526609296232389180770257017800088189411665815473246171027107745791746206346288974940309933583143548654891871908712971565480652764249607169838659723799447312994985134650685715380106135776099444117200796141819501903011319767994619691391981027686942720
937 619921003067378878234250974748991362114486143301174984598357398660927768626769432674579906990460058110074841494710917927250610844760916533730835854581774707253439684684940248942221855754026204338246729831890106892871093210911602891607648637752075308085997992868756633881305591656
938 2477040425902490443093787476928805570581123736772711985367423806163280678905257818405464276546102662896119942347736162464110116680345325339471958501339899342609404300342767587975134672764326593075164382882853088143738215390400912422315498703057922097351370122418538500672838905492
939 2474402470177354670523932538188732295213092721078598341080557540129027983826551473550932365708460381040000538788260405102593492487927492192143953975476561877301269369754159800889720463648676146175151092140514197807838452588276912957216590462257709816046253002001875525116280882672
940 9887080508495898023923287886634977128532315170607675924572951192260243731119709930486491452766997011900257472009261788899299104026229426248612489057934717417347900365788663937353454975359635230136708371391575143337279306734080932823558244916902391162576760918885595857258335622032
941 9876573515394414604131658462738446865909007715591089658978293433288660050215225647882361281191261627190480365237732286466887521556488481055996483668320899480492633106053798312584261489335133746481397421508710395895774101400623539374050869688819461231482765046852709304089833613276
942 39464355320535643917146032328819016988621555245737644879399465480783987716571241336124424482382068752383193306533783785840089841973060130249232337253394056865075571330441546312641269083444695003322584091226782461525895828983360732035878308958978945675288344197807955133796045860904
943 39422505526982583849365389664631510077711033978244815987692785241673930465546245321982192855147305158796360651913917631242168219659196863939311521238133473642178442217589074070590838012574171178956500418408044464635942436555617181552415136276475558934571715415009117519213492199312
944 157522977592985493940472722261642008488480953565613819815230069842790323851737751434869524840694528664173593621842475958734595894655180689384634801314103955956515803399284816684481431615386185095955469449267669840235588414447755292085501956716179764892543419555580489637783483706648
945 157356286611405615110906084460306937580027534567131688788970567123379963720677711486261197301180566199978700930179150587349691560375122297120722812815068214368568342904493108353723429612095069245099250906534622820142955205493514193235415223390738921405104858895281422914204143367088
946 628759792168195798223282240232516093078756956304183703617662519795323745099536733000071168920150676782155908579362779302517795029828712772850271269663326843554435523157866499671076347628656093906143515303052482134393899473211777935193470514972673764380765361730169954538003395531980
947 628095843074037196535612459619810162674238733541454892948583678697335018863951160948328749523191700354719629900820685554574270431064374110999294860022130781745711020252358975266182221682913510821642743730665865768138436623813254525092755624223298028727368576749374408795677021674630
948 2509733178865456646072679321771984067732084728539062378153201450322262712507011600920115298727690043189533711038300376456463435013577899928760946948401824988007772871490138519548339216857442812410331622039047199727091181148763617451870089719556979855725054853100034983668678211457216
949 2507088570668548894074710218166323389051650498055881069008677528878298262862641725682054060267492266537068448961336940864833863427683718790795920895430802319549792776307624655751631460205349187557832153057705268208333401402533833657588364915234829223202605025001777585791168592040416
950 10017798120271380633586947355957224826147437148021183724165199894338968637712197884935870750289895414499696665533931607918851942706828838452485698182839497873440256898712814978610787017506803996124205475433723674721759694104891787796871476556853600167014795787362889391806807725208488
951 10007264157999801894750368021198068964079984532723579955790683385512113781100513134268219992403155251077509813099090460066150731410607146719097072259784779815994756444651675282053830728643013441606635481725351732383330034614124876868844088117589542703972730233829909171546636280415192
952 39987009303604250428183193227560351196806997019412287974608991174882437839607512565920492490652943881406352236374937090432392208283560489621266237379732875178107683682018734081750925818426406118251105156867829178791905489264412228522116438940646132397679864616643458410792157201521280
953 39945050217241601686915424924068682412759980233452778753229548371970703906932163654518687147011125472296796777574963389393113727477386764028798806795615217649574033069732395354598921397437588734394673045150258963772648863479615666586381671430142336752474663903070392621498838331223416
954 159612716381682374874760586803511338949099627515641501684812409217979374521200637160403810696442778092657640792574172369356970156335218390437926039542404611298957166416639009682934284006079583275576382602922202870942917214950594612832736947354281107881059654840403017135026972558528232
955 159445582647251293853949319173350594091561303298347636238022029731887249521701997749764644402519801361670564728917026639127276993867851669610241938748570900188666192734889938315948783630400092414149208008495065099373128238308162227543862478406684137734264756027403929607862844170322696
956 637115194259937178370383262805647771370046211924359801704230286167164532607637689753243662779943139332198281657388118997349579619848528637982348312193178261212094876199358799851988274704669476218449465880429973872951696295823209356657423531862283709257679404546670321804033174840077228
957 636449452155172353732587669009612611734340834482432570981446346474199888372937963849635257698668381610848022219919583867780771281687767375037747341713208817889973726486185542703160243958336838129617024611187241250905123255081752335905338457986619983618116600109356269109135487098200528
958 2543140399634655292367792898714819496575215777034187767971791872967888489239672782480588482745827311906394811125106646185662622616180348133240603742121543332859013690801391601305689236087249211454880300572321928396963266559664696126814324269157433524710329231824130595781103122798154150
959 2540488532690302158590558495275075159248234321583682879788296782380852109167472915137021654296665865282926203397134689307471107889781828479295617126254602038459665719488131655336493653673110961510114596840255051844026485382011176993155986343970012435746246393469811539639055435551565520
960 10151368761874999042034773320703321157162736309994799507154069226263488219548360523401682360293760686693025954407717362691103301942919889631852073352147087224503655293285107107330307712591871164162421379664581426078616003879425813803152130583559247396754178399477571118234989141852337136
961 10140805422892819022219960861472620510797322432460985980091473940908375328581088556155686853155057501795322493477012141710155223585018828352318405095018369843424846722119118657513828985941783192874921533277022246486665554552960327727103396061882378369227615820087697759710539635821151266
962 40521056180457376633485997454782487779111130385010426307143062192153632809839609573661601105538504196363014204704401946708769937069451534497205774873958122983481885200644856243051736090599272269598232944106853187357817080283596403737205386118314118612446151793828379741114619663131936528
963 40478978240498438547677600780374613960025864413686427941299715294757834644928041962473998196810011460956614397638249919765147123012266226569378971116563461763369793146236648099151774269948301762910874813871956054293650886854292553466660954491361788520658537220804145625387855223910551620
964 161747950396680482661466927599588187732385508009875643599467327090671347564587985103163735533311373597100496534961139720887289126393412349320796482601656282133266980005905070176968731828042976175860370261717149962101589121635951860885552287349990726957501676775671706453365623462465789856
965 161580335940310865580988723529536801009346766550798052258949744368297594872811209989067192802188771137414382030779832840347509552169170471238598753099484409028497868600314578733608947655793635620357298959240926489097377789436598962857046865066373236124960599525905809759293968101271257856
966 645652274047204908015130924248459681051841116859296564927066266316385834584939203475982778691975834979730346416987737850663961564568320930622144111737058200184202509161482517864452364327275957382439210293263906739182155770917857014283879873897361538356910549963225043163092505374951972152
967 644984588138159194563202143561542969902873339075574438179468472866213770640177115364839052964269551799813355365884337914934215999351600846929670307098252139451914966698256746547808208843188659249823344346090978539726864805817240947805343610537759875099250551601524056890627745356238369290
968 2577273126981817938605853193487653107008588921016861494708867823395159984334922605610741174448134944588510391069463449436947879633772719086698310741533074463280870654229765260679321326222132248572164369501230639460342301983396206754218341702284710431263363977061782808212092360106608149816
969 2574613402392569416481388948705932102770189964442024692340747216766269210357280786616302845062739552488831845774242124927725023204842097085576847005011392441073278731877045506343572912079931614030345296406653442364111131804187311561334061160385219150113760573965379626726598237780525953216
970 10287836647086184596166869654829064773543563198120915162384264136274288102417340545283288481920802582934754880640167501257589886538111307529583359887958877022383278112336638903060835454821603609476642898160559101008814118049591954427154647424484004942493580464085226134540995891947446139008
971 10277241552701955775779468141281352039482241299873622767778307118626219834546673871189278916027990221881269036272875876642494531351151357676308814615266897118022686266483448385775168493534309923700583711351925458256080383394031258439180511166055840151941920220781442026994636947633079350814
972 41066673035693823285110549650963756503445499185914764228447474124222466910884034275410657726185919775500873391855812659340996666427851721414386251199062279451258864472678946746001438268310227236913140303525095698073094872874892797941155884239332952589677203521486736817577302690691351717612
973 41024466794136070126544146208362560453596120461160483895221937151844026554346640612229351808687270320438693665862127343144346104591851873807588320622504242966495491735890764162744865805639526971894210827225979938197961160434139165239236490615581585973518101747047653394004258471395338221740
974 163929388873488280218182563699124317541474436175396923326697925456855186190469327785212153223214431300972685572418274763365292647917338288356400148113316558589371108267896611432164584036313758968920509085765507958433313557843602676088593032446422834762234965184916030748182306537297782340222
975 163761256166951369161548530300458549010662667522909336738670542969207129589248333602868345886575237012458867433369640635402866706739987172163214096269524629359590209062653183714259505349281065615057046281756905684208313365135482357721533743404125751929329617057582397147952447252727756653152
976 654373871978596659559466463290766742972934839487035259509031882766298980940643955995068185407421541340768015358751637784908996061768391364176777639600731232974688346903725724705596972473193934857255828666186718588074820225448548512449892025433236445790333591216670109773255263494432992981616
977 653704093194585813439139476122608332795889870357570535599606056888339616579394576306229835166472286948402848505774409905907042125164738967693485133522155634086388756749587939084556879081060548514277455637926362003956867293386569625838724345858110675949108178301168816095757132521709399362256
978 2612142736405359262699547109087068879924680586254995555340757127116187343141384462377041100031261449278485002004669114429738978144318813789106482518816891079520854073460907410630418642118677783883982548275564890112679274475116988006179555921250573306768836518618705561992666536423002097726836
979 2609474562006579529029782505298420188525370391580577786642758396649265803465039840862866390021015012660223015281477419726542104826500306318433237897655346494391835813460050731299742884013058859646370068062325048734896258817726980692316378696234419327486327641267587064756965242194372849801424
980 10427247331446699424163906419131238222719745360642390420911267225794413149356220425325494676859484479160646252900270995560345798469974693411208734296341844273022454173922769619467342276409901012718485352052899609696157561423201085245021823815624356478799254892301793592006662926364980633240144
981 10416618129273970882447123639906843484470285885249278911817575821894520781212126418775723530399892751862827041633298242251925466361442609116192211628153248595350080576462343184270941013042954632390885415772337173635474324473607093844831891083909926239540958582066322292997704430522935182550600
982 41624042300683362263464881021379280889064563965089786608932960819871791797837458316981608078705885089928445327259737579018895651733503867792197798813917198084725935103775708535331544938242039688063749147747263764456391363771645026039542418504936355683372088706167258067935800584012070906930106
983 41581698412279818659941518985752241946145881804392848880948288428396845926222160800891087622878106976917327885421223095215214170907732246360059245604143791951326262647037878591128354562747257352493123851605553981061459814975458215223238815765835141755590881152406392403698374346202894530338842
984 166157762354760413588302899036562820459599194364708009959236453354122355875920260436081053387354386822397289883614074400799006219521547960048529424520609829283241025312898334221086889562061457217845303296539163278578626916696114753297620529107150024730684252566153512188848707906406763049073952
985 165989074271151519767401068682210980032736657111545869847602710761884668204980239867110412724016971201257800249214466203437788954324064155012947161132480598936664837287464912304890040752002249654825343131485318023892040601506093098738858299823121667137616477341913726113698110131998199991371728
986 663282913416163273715578306904575315749475080141471325760197444626597964226797307379731263826193576605431777872114601259173314888475469341532466343699337651049338810620780729196483142940751906313106790675345199622095015470938668122775504757262861396828839349403256383858902483251947712890827328
987 662610894253634232911408521385928329613963960506069632421028044986652069632849184474584626274191354136733265432527859008657435136815413141591703966425505126454366219769616772524079797936057612603863166730916458480341262635306550779851850738683385730243317757697773217030036267044624082393337320
988 2647760941815129505601458342542150855582924813844092012953662673691601589990373056989534518755574358433019161870060715957671613279501266278344177388156924056164185275677533509046556962555607779888127829036320890367450051061752408911699151779783195398583527423689426058725355384991247706221432688
989 2645083731560513601146856261306011168165752999067707693425903661888071153600089565526451066259360430871408424598200189450130994863647372176950502790139427946655043312083364022168925219667902380748278470932465735143112800687296286386374520098544206711959285657290385196058111351737428308847195724
990 10569647719245850309229255929016747657842140266981668318376641299423443922870660930527919614264676630835648209808565605519917389576352529628299180846357444862084955329333030555278919840922214022403070485031956433841421379455600428310434848324065876202904419001595679654377501763742430645833866032
991 10558982080780415546051426205576771121355922163785924959831357100332199277136179940688839977923339923841868544611987840024942699980412718801227234145097454043357569467812096944198050624627872672290806893046250704567259575700246325877394148849486258075187622664218732427452965194221257318638454754
992 42193351782473354057003884555349113634127898646418756593519656800117780175975622262994517815008184937610047289155161086551283127744310501338774955797752918085547292577906226454488707281288737299232308541711737402631678750354811714874356168937983049548744484152343046499425588796846673984018408104
993 42150860995179826006594011559825096399853852424216925015882678293773250689393572290927051029695991397894427906185216312043175088340741205768443863193520954509435453545223718315006115484415797857966528598727882536685262540866294734159839992324496790971718618108938444358934494241429517661064331068
994 168433822809712544163170436534834288632011571256528798956826959942522486658220592695736666690093036048729041894736095766031681540130205301118972861775728777804290381504406698047593300400529808196779091745298553916127248045124436682567777047986108780366233213210176084549075538737980320520270221612
995 168264542585783184822302928558417369748964323446220729812146731842077740440473637326193212753721083248680067983284099689884916031044647305841466356386598222423595599479023727786134965531758340795822144820242563991576349580204126374986896106295871509848407256789763129357645043861080653092587109416
996 672382409127928790755788810906125634137427718188713358084682723625973300153699876062498982690572200130267741539629233700544142373049895860691803311666143848291048716259053949812273155225353771966749919758977937542764357187081543979451726817891800114433479734127221987846934844084912790642861716544
997 671708003501922844125141078899198727784230699414201107976272811164964299852643005574973908485265708455112006593250468170252723975484148723419293980359740145682959364018570147029906883466798592143803547025642331681518426609039541597239565192206435739378836288721573606297669874100590796567026433556
998 2684139797560789882135333289228461449302116261787408836281939850627131891595531368970937822684608863045076835965814496055078019252736257624244633660998276950187965946534132606416515481805311729952414907748500264959863278772597223614461944922527272351922086634754925428276268623432964722681328337490
999 2681452970936604907278340963613618144548060089353187205815191162087965593405746052285281228267507152471458140434317184247215078292523308417413557951626269970954596540246304050405674325591183969438927490526794211221212092389256765596358667479354066941283574099686173002329876216939723050662363825624
1000 10715086071862673209484250490600018105614048117055336074437503883703510511249361224931983788156958581275946729175531468251871452856923140435984577574701848194542463916694244175117902204214587783923997246942529766351678075063807060616837480175937705842039565761102535436243629837546199418460845564304
